HS,ENT_11211,ENT_1855,1,3
HS,ENT_11211,ENT_1856,1,3
HS,ENT_11211,ENT_1857,1,3
HS,ENT_11211,ENT_23236,1,3
HS,ENT_11211,ENT_5330,1,3
HS,ENT_11211,ENT_5331,1,3
HS,ENT_11211,ENT_5332,1,3
HS,ENT_2535,ENT_1855,1,3
HS,ENT_2535,ENT_1856,1,3
HS,ENT_2535,ENT_1857,1,3
HS,ENT_2535,ENT_23236,1,3
HS,ENT_2535,ENT_5330,1,3
HS,ENT_2535,ENT_5331,1,3
HS,ENT_2535,ENT_5332,1,3
HS,ENT_7855,ENT_1855,1,3
HS,ENT_7855,ENT_1856,1,3
HS,ENT_7855,ENT_1857,1,3
HS,ENT_7855,ENT_23236,1,3
HS,ENT_7855,ENT_5330,1,3
HS,ENT_7855,ENT_5331,1,3
HS,ENT_7855,ENT_5332,1,3
HS,ENT_7976,ENT_1855,1,3
HS,ENT_7976,ENT_1856,1,3
HS,ENT_7976,ENT_1857,1,3
HS,ENT_7976,ENT_23236,1,3
HS,ENT_7976,ENT_5330,1,3
HS,ENT_7976,ENT_5331,1,3
HS,ENT_7976,ENT_5332,1,3
HS,ENT_8321,ENT_1855,1,3
HS,ENT_8321,ENT_1856,1,3
HS,ENT_8321,ENT_1857,1,3
HS,ENT_8321,ENT_23236,1,3
HS,ENT_8321,ENT_5330,1,3
HS,ENT_8321,ENT_5331,1,3
HS,ENT_8321,ENT_5332,1,3
HS,ENT_8322,ENT_1855,1,3
HS,ENT_8322,ENT_1856,1,3
HS,ENT_8322,ENT_1857,1,3
HS,ENT_8322,ENT_23236,1,3
HS,ENT_8322,ENT_5330,1,3
HS,ENT_8322,ENT_5331,1,3
HS,ENT_8322,ENT_5332,1,3
HS,ENT_8323,ENT_1855,1,3
HS,ENT_8323,ENT_1856,1,3
HS,ENT_8323,ENT_1857,1,3
HS,ENT_8323,ENT_23236,1,3
HS,ENT_8323,ENT_5330,1,3
HS,ENT_8323,ENT_5331,1,3
HS,ENT_8323,ENT_5332,1,3
HS,ENT_8324,ENT_1855,1,3
HS,ENT_8324,ENT_1856,1,3
HS,ENT_8324,ENT_1857,1,3
HS,ENT_8324,ENT_23236,1,3
HS,ENT_8324,ENT_5330,1,3
HS,ENT_8324,ENT_5331,1,3
HS,ENT_8324,ENT_5332,1,3
HS,ENT_8325,ENT_1855,1,3
HS,ENT_8325,ENT_1856,1,3
HS,ENT_8325,ENT_1857,1,3
HS,ENT_8325,ENT_23236,1,3
HS,ENT_8325,ENT_5330,1,3
HS,ENT_8325,ENT_5331,1,3
HS,ENT_8325,ENT_5332,1,3
HS,ENT_8326,ENT_1855,1,3
HS,ENT_8326,ENT_1856,1,3
HS,ENT_8326,ENT_1857,1,3
HS,ENT_8326,ENT_23236,1,3
HS,ENT_8326,ENT_5330,1,3
HS,ENT_8326,ENT_5331,1,3
HS,ENT_8326,ENT_5332,1,3
HS,ENT_387,ENT_5599,1,3
HS,ENT_387,ENT_5601,1,3
HS,ENT_387,ENT_5602,1,3
HS,ENT_23002,ENT_1855,1,6
HS,ENT_23002,ENT_1856,1,6
HS,ENT_23002,ENT_1857,1,6
HS,ENT_23500,ENT_1855,1,6
HS,ENT_23500,ENT_1856,1,6
HS,ENT_23500,ENT_1857,1,6
HS,ENT_1855,ENT_5879,1,3
HS,ENT_1855,ENT_5880,1,3
HS,ENT_1855,ENT_5881,1,3
HS,ENT_1855,ENT_1457,1,6
HS,ENT_1855,ENT_1459,1,6
HS,ENT_1855,ENT_1460,1,6
HS,ENT_1855,ENT_57216,1,6
HS,ENT_1855,ENT_81839,1,6
HS,ENT_1855,ENT_144165,1,6
HS,ENT_1855,ENT_166336,1,6
HS,ENT_1856,ENT_5879,1,3
HS,ENT_1856,ENT_5880,1,3
HS,ENT_1856,ENT_5881,1,3
HS,ENT_1856,ENT_1457,1,6
HS,ENT_1856,ENT_1459,1,6
HS,ENT_1856,ENT_1460,1,6
HS,ENT_1856,ENT_57216,1,6
HS,ENT_1856,ENT_81839,1,6
HS,ENT_1856,ENT_144165,1,6
HS,ENT_1856,ENT_166336,1,6
HS,ENT_1857,ENT_5879,1,3
HS,ENT_1857,ENT_5880,1,3
HS,ENT_1857,ENT_5881,1,3
HS,ENT_1857,ENT_1457,1,6
HS,ENT_1857,ENT_1459,1,6
HS,ENT_1857,ENT_1460,1,6
HS,ENT_1857,ENT_57216,1,6
HS,ENT_1857,ENT_81839,1,6
HS,ENT_1857,ENT_144165,1,6
HS,ENT_1857,ENT_166336,1,6
HS,ENT_144165,ENT_57216,1,6
HS,ENT_144165,ENT_81839,1,6
HS,ENT_166336,ENT_57216,1,6
HS,ENT_166336,ENT_81839,1,6
HS,ENT_1387,ENT_51176,1,6
HS,ENT_1387,ENT_6932,1,6
HS,ENT_1387,ENT_6934,1,6
HS,ENT_1387,ENT_83439,1,6
HS,ENT_2033,ENT_51176,1,6
HS,ENT_2033,ENT_6932,1,6
HS,ENT_2033,ENT_6934,1,6
HS,ENT_2033,ENT_83439,1,6
HS,ENT_8607,ENT_51176,1,6
HS,ENT_8607,ENT_6932,1,6
HS,ENT_8607,ENT_6934,1,6
HS,ENT_8607,ENT_83439,1,6
HS,ENT_8607,ENT_1499,1,6
HS,ENT_122011,ENT_8312,1,6
HS,ENT_122011,ENT_8313,1,6
HS,ENT_122011,ENT_1499,1,6
HS,ENT_1452,ENT_8312,1,6
HS,ENT_1452,ENT_8313,1,6
HS,ENT_1452,ENT_1499,1,6
HS,ENT_6907,ENT_10297,1,6
HS,ENT_6907,ENT_324,1,6
HS,ENT_79718,ENT_10297,1,6
HS,ENT_79718,ENT_324,1,6
HS,ENT_90665,ENT_10297,1,6
HS,ENT_90665,ENT_324,1,6
HS,ENT_10297,ENT_1499,1,6
HS,ENT_10297,ENT_1855,1,6
HS,ENT_10297,ENT_1856,1,6
HS,ENT_10297,ENT_1857,1,6
HS,ENT_324,ENT_1499,1,6
HS,ENT_324,ENT_1855,1,6
HS,ENT_324,ENT_1856,1,6
HS,ENT_324,ENT_1857,1,6
HS,ENT_7157,ENT_6477,1,3
HS,ENT_8312,ENT_1454,1,6
HS,ENT_8312,ENT_1855,1,6
HS,ENT_8312,ENT_1856,1,6
HS,ENT_8312,ENT_1857,1,6
HS,ENT_8312,ENT_2932,1,6
HS,ENT_8312,ENT_10297,1,6
HS,ENT_8312,ENT_324,1,6
HS,ENT_8312,ENT_1499,1,6
HS,ENT_8313,ENT_1454,1,6
HS,ENT_8313,ENT_1855,1,6
HS,ENT_8313,ENT_1856,1,6
HS,ENT_8313,ENT_1857,1,6
HS,ENT_8313,ENT_2932,1,6
HS,ENT_8313,ENT_10297,1,6
HS,ENT_8313,ENT_324,1,6
HS,ENT_8313,ENT_1499,1,6
HS,ENT_5566,ENT_5663,1,6
HS,ENT_5567,ENT_5663,1,6
HS,ENT_5568,ENT_5663,1,6
HS,ENT_2932,ENT_10023,1,6
HS,ENT_2932,ENT_23401,1,6
HS,ENT_10023,ENT_1855,1,6
HS,ENT_10023,ENT_1856,1,6
HS,ENT_10023,ENT_1857,1,6
HS,ENT_23401,ENT_1855,1,6
HS,ENT_23401,ENT_1856,1,6
HS,ENT_23401,ENT_1857,1,6
HS,ENT_4040,ENT_11211,1,6
HS,ENT_4040,ENT_2535,1,6
HS,ENT_4040,ENT_7855,1,6
HS,ENT_4040,ENT_7976,1,6
HS,ENT_4040,ENT_8321,1,6
HS,ENT_4040,ENT_8322,1,6
HS,ENT_4040,ENT_8323,1,6
HS,ENT_4040,ENT_8324,1,6
HS,ENT_4040,ENT_8325,1,6
HS,ENT_4040,ENT_8326,1,6
HS,ENT_4041,ENT_11211,1,6
HS,ENT_4041,ENT_2535,1,6
HS,ENT_4041,ENT_7855,1,6
HS,ENT_4041,ENT_7976,1,6
HS,ENT_4041,ENT_8321,1,6
HS,ENT_4041,ENT_8322,1,6
HS,ENT_4041,ENT_8323,1,6
HS,ENT_4041,ENT_8324,1,6
HS,ENT_4041,ENT_8325,1,6
HS,ENT_4041,ENT_8326,1,6
HS,ENT_25805,ENT_4040,1,6
HS,ENT_25805,ENT_4041,1,6
HS,ENT_25805,ENT_11211,1,6
HS,ENT_25805,ENT_2535,1,6
HS,ENT_25805,ENT_7855,1,6
HS,ENT_25805,ENT_7976,1,6
HS,ENT_25805,ENT_8321,1,6
HS,ENT_25805,ENT_8322,1,6
HS,ENT_25805,ENT_8323,1,6
HS,ENT_25805,ENT_8324,1,6
HS,ENT_25805,ENT_8325,1,6
HS,ENT_25805,ENT_8326,1,6
HS,ENT_27130,ENT_1855,1,6
HS,ENT_27130,ENT_1856,1,6
HS,ENT_27130,ENT_1857,1,6
HS,ENT_7546,ENT_2735,1,6
HS,ENT_7546,ENT_2736,1,6
HS,ENT_7546,ENT_2737,1,6
HS,ENT_4036,ENT_3549,1,6
HS,ENT_4036,ENT_50846,1,6
HS,ENT_4036,ENT_6469,1,6
HS,ENT_10000,ENT_2475,1,3
HS,ENT_207,ENT_2475,1,3
HS,ENT_208,ENT_2475,1,3
HS,ENT_23533,ENT_10000,1,3
HS,ENT_23533,ENT_207,1,3
HS,ENT_23533,ENT_208,1,3
HS,ENT_5290,ENT_10000,1,3
HS,ENT_5290,ENT_207,1,3
HS,ENT_5290,ENT_208,1,3
HS,ENT_5291,ENT_10000,1,3
HS,ENT_5291,ENT_207,1,3
HS,ENT_5291,ENT_208,1,3
HS,ENT_5293,ENT_10000,1,3
HS,ENT_5293,ENT_207,1,3
HS,ENT_5293,ENT_208,1,3
HS,ENT_5294,ENT_10000,1,3
HS,ENT_5294,ENT_207,1,3
HS,ENT_5294,ENT_208,1,3
HS,ENT_5295,ENT_10000,1,3
HS,ENT_5295,ENT_207,1,3
HS,ENT_5295,ENT_208,1,3
HS,ENT_5296,ENT_10000,1,3
HS,ENT_5296,ENT_207,1,3
HS,ENT_5296,ENT_208,1,3
HS,ENT_8503,ENT_10000,1,3
HS,ENT_8503,ENT_207,1,3
HS,ENT_8503,ENT_208,1,3
HS,ENT_6772,ENT_10379,1,6
HS,ENT_6773,ENT_10379,1,6
HS,ENT_6774,ENT_10379,1,6
HS,ENT_6775,ENT_10379,1,6
HS,ENT_6776,ENT_10379,1,6
HS,ENT_6777,ENT_10379,1,6
HS,ENT_6778,ENT_10379,1,6
HS,ENT_116379,ENT_3716,1,6
HS,ENT_116379,ENT_3717,1,6
HS,ENT_116379,ENT_3718,1,6
HS,ENT_116379,ENT_7297,1,6
HS,ENT_1271,ENT_3716,1,6
HS,ENT_1271,ENT_3717,1,6
HS,ENT_1271,ENT_3718,1,6
HS,ENT_1271,ENT_7297,1,6
HS,ENT_1438,ENT_3716,1,6
HS,ENT_1438,ENT_3717,1,6
HS,ENT_1438,ENT_3718,1,6
HS,ENT_1438,ENT_7297,1,6
HS,ENT_1439,ENT_3716,1,6
HS,ENT_1439,ENT_3717,1,6
HS,ENT_1439,ENT_3718,1,6
HS,ENT_1439,ENT_7297,1,6
HS,ENT_1441,ENT_3716,1,6
HS,ENT_1441,ENT_3717,1,6
HS,ENT_1441,ENT_3718,1,6
HS,ENT_1441,ENT_7297,1,6
HS,ENT_149233,ENT_3716,1,6
HS,ENT_149233,ENT_3717,1,6
HS,ENT_149233,ENT_3718,1,6
HS,ENT_149233,ENT_7297,1,6
HS,ENT_163702,ENT_3716,1,6
HS,ENT_163702,ENT_3717,1,6
HS,ENT_163702,ENT_3718,1,6
HS,ENT_163702,ENT_7297,1,6
HS,ENT_2057,ENT_3716,1,6
HS,ENT_2057,ENT_3717,1,6
HS,ENT_2057,ENT_3718,1,6
HS,ENT_2057,ENT_7297,1,6
HS,ENT_2690,ENT_3716,1,6
HS,ENT_2690,ENT_3717,1,6
HS,ENT_2690,ENT_3718,1,6
HS,ENT_2690,ENT_7297,1,6
HS,ENT_3454,ENT_3716,1,6
HS,ENT_3454,ENT_3717,1,6
HS,ENT_3454,ENT_3718,1,6
HS,ENT_3454,ENT_7297,1,6
HS,ENT_3455,ENT_3716,1,6
HS,ENT_3455,ENT_3717,1,6
HS,ENT_3455,ENT_3718,1,6
HS,ENT_3455,ENT_7297,1,6
HS,ENT_3459,ENT_3716,1,6
HS,ENT_3459,ENT_3717,1,6
HS,ENT_3459,ENT_3718,1,6
HS,ENT_3459,ENT_7297,1,6
HS,ENT_3460,ENT_3716,1,6
HS,ENT_3460,ENT_3717,1,6
HS,ENT_3460,ENT_3718,1,6
HS,ENT_3460,ENT_7297,1,6
HS,ENT_3559,ENT_3716,1,6
HS,ENT_3559,ENT_3717,1,6
HS,ENT_3559,ENT_3718,1,6
HS,ENT_3559,ENT_7297,1,6
HS,ENT_3560,ENT_3716,1,6
HS,ENT_3560,ENT_3717,1,6
HS,ENT_3560,ENT_3718,1,6
HS,ENT_3560,ENT_7297,1,6
HS,ENT_3561,ENT_3716,1,6
HS,ENT_3561,ENT_3717,1,6
HS,ENT_3561,ENT_3718,1,6
HS,ENT_3561,ENT_7297,1,6
HS,ENT_3563,ENT_3716,1,6
HS,ENT_3563,ENT_3717,1,6
HS,ENT_3563,ENT_3718,1,6
HS,ENT_3563,ENT_7297,1,6
HS,ENT_3566,ENT_3716,1,6
HS,ENT_3566,ENT_3717,1,6
HS,ENT_3566,ENT_3718,1,6
HS,ENT_3566,ENT_7297,1,6
HS,ENT_3568,ENT_3716,1,6
HS,ENT_3568,ENT_3717,1,6
HS,ENT_3568,ENT_3718,1,6
HS,ENT_3568,ENT_7297,1,6
HS,ENT_3570,ENT_3716,1,6
HS,ENT_3570,ENT_3717,1,6
HS,ENT_3570,ENT_3718,1,6
HS,ENT_3570,ENT_7297,1,6
HS,ENT_3572,ENT_3716,1,6
HS,ENT_3572,ENT_3717,1,6
HS,ENT_3572,ENT_3718,1,6
HS,ENT_3572,ENT_7297,1,6
HS,ENT_3575,ENT_3716,1,6
HS,ENT_3575,ENT_3717,1,6
HS,ENT_3575,ENT_3718,1,6
HS,ENT_3575,ENT_7297,1,6
HS,ENT_3581,ENT_3716,1,6
HS,ENT_3581,ENT_3717,1,6
HS,ENT_3581,ENT_3718,1,6
HS,ENT_3581,ENT_7297,1,6
HS,ENT_3587,ENT_3716,1,6
HS,ENT_3587,ENT_3717,1,6
HS,ENT_3587,ENT_3718,1,6
HS,ENT_3587,ENT_7297,1,6
HS,ENT_3588,ENT_3716,1,6
HS,ENT_3588,ENT_3717,1,6
HS,ENT_3588,ENT_3718,1,6
HS,ENT_3588,ENT_7297,1,6
HS,ENT_3590,ENT_3716,1,6
HS,ENT_3590,ENT_3717,1,6
HS,ENT_3590,ENT_3718,1,6
HS,ENT_3590,ENT_7297,1,6
HS,ENT_3594,ENT_3716,1,6
HS,ENT_3594,ENT_3717,1,6
HS,ENT_3594,ENT_3718,1,6
HS,ENT_3594,ENT_7297,1,6
HS,ENT_3595,ENT_3716,1,6
HS,ENT_3595,ENT_3717,1,6
HS,ENT_3595,ENT_3718,1,6
HS,ENT_3595,ENT_7297,1,6
HS,ENT_3597,ENT_3716,1,6
HS,ENT_3597,ENT_3717,1,6
HS,ENT_3597,ENT_3718,1,6
HS,ENT_3597,ENT_7297,1,6
HS,ENT_3598,ENT_3716,1,6
HS,ENT_3598,ENT_3717,1,6
HS,ENT_3598,ENT_3718,1,6
HS,ENT_3598,ENT_7297,1,6
HS,ENT_3601,ENT_3716,1,6
HS,ENT_3601,ENT_3717,1,6
HS,ENT_3601,ENT_3718,1,6
HS,ENT_3601,ENT_7297,1,6
HS,ENT_3953,ENT_3716,1,6
HS,ENT_3953,ENT_3717,1,6
HS,ENT_3953,ENT_3718,1,6
HS,ENT_3953,ENT_7297,1,6
HS,ENT_3977,ENT_3716,1,6
HS,ENT_3977,ENT_3717,1,6
HS,ENT_3977,ENT_3718,1,6
HS,ENT_3977,ENT_7297,1,6
HS,ENT_4352,ENT_3716,1,6
HS,ENT_4352,ENT_3717,1,6
HS,ENT_4352,ENT_3718,1,6
HS,ENT_4352,ENT_7297,1,6
HS,ENT_50615,ENT_3716,1,6
HS,ENT_50615,ENT_3717,1,6
HS,ENT_50615,ENT_3718,1,6
HS,ENT_50615,ENT_7297,1,6
HS,ENT_53832,ENT_3716,1,6
HS,ENT_53832,ENT_3717,1,6
HS,ENT_53832,ENT_3718,1,6
HS,ENT_53832,ENT_7297,1,6
HS,ENT_53833,ENT_3716,1,6
HS,ENT_53833,ENT_3717,1,6
HS,ENT_53833,ENT_3718,1,6
HS,ENT_53833,ENT_7297,1,6
HS,ENT_5618,ENT_3716,1,6
HS,ENT_5618,ENT_3717,1,6
HS,ENT_5618,ENT_3718,1,6
HS,ENT_5618,ENT_7297,1,6
HS,ENT_58985,ENT_3716,1,6
HS,ENT_58985,ENT_3717,1,6
HS,ENT_58985,ENT_3718,1,6
HS,ENT_58985,ENT_7297,1,6
HS,ENT_64109,ENT_3716,1,6
HS,ENT_64109,ENT_3717,1,6
HS,ENT_64109,ENT_3718,1,6
HS,ENT_64109,ENT_7297,1,6
HS,ENT_9180,ENT_3716,1,6
HS,ENT_9180,ENT_3717,1,6
HS,ENT_9180,ENT_3718,1,6
HS,ENT_9180,ENT_7297,1,6
HS,ENT_9466,ENT_3716,1,6
HS,ENT_9466,ENT_3717,1,6
HS,ENT_9466,ENT_3718,1,6
HS,ENT_9466,ENT_7297,1,6
HS,ENT_11317,ENT_22938,1,6
HS,ENT_3516,ENT_22938,1,6
HS,ENT_637,ENT_54205,1,3
HS,ENT_823,ENT_100506742,1,3
HS,ENT_824,ENT_100506742,1,3
HS,ENT_11213,ENT_9020,1,3
HS,ENT_3654,ENT_9020,1,3
HS,ENT_3656,ENT_9020,1,3
HS,ENT_51135,ENT_9020,1,3
HS,ENT_1439,ENT_23533,1,3
HS,ENT_1439,ENT_5290,1,3
HS,ENT_1439,ENT_5291,1,3
HS,ENT_1439,ENT_5293,1,3
HS,ENT_1439,ENT_5294,1,3
HS,ENT_1439,ENT_5295,1,3
HS,ENT_1439,ENT_5296,1,3
HS,ENT_1439,ENT_8503,1,3
HS,ENT_1439,ENT_581,1,3
HS,ENT_3563,ENT_23533,1,3
HS,ENT_3563,ENT_5290,1,3
HS,ENT_3563,ENT_5291,1,3
HS,ENT_3563,ENT_5293,1,3
HS,ENT_3563,ENT_5294,1,3
HS,ENT_3563,ENT_5295,1,3
HS,ENT_3563,ENT_5296,1,3
HS,ENT_3563,ENT_8503,1,3
HS,ENT_3563,ENT_581,1,3
HS,ENT_4914,ENT_23533,1,3
HS,ENT_4914,ENT_5290,1,3
HS,ENT_4914,ENT_5291,1,3
HS,ENT_4914,ENT_5293,1,3
HS,ENT_4914,ENT_5294,1,3
HS,ENT_4914,ENT_5295,1,3
HS,ENT_4914,ENT_5296,1,3
HS,ENT_4914,ENT_8503,1,3
HS,ENT_2885,ENT_2549,1,6
HS,ENT_2885,ENT_9846,1,6
HS,ENT_2885,ENT_5781,1,6
HS,ENT_25759,ENT_2885,1,6
HS,ENT_399694,ENT_2885,1,6
HS,ENT_53358,ENT_2885,1,6
HS,ENT_6464,ENT_2885,1,6
HS,ENT_11186,ENT_83593,1,6
HS,ENT_6789,ENT_6789,1,6
HS,ENT_8036,ENT_22800,1,6
HS,ENT_8036,ENT_22808,1,6
HS,ENT_8036,ENT_3265,1,6
HS,ENT_8036,ENT_3845,1,6
HS,ENT_8036,ENT_4893,1,6
HS,ENT_8036,ENT_6237,1,6
HS,ENT_8036,ENT_5894,1,6
HS,ENT_3688,ENT_857,1,6
HS,ENT_3688,ENT_858,1,6
HS,ENT_3688,ENT_859,1,6
HS,ENT_3688,ENT_5578,1,6
HS,ENT_3688,ENT_5579,1,6
HS,ENT_3688,ENT_5582,1,6
HS,ENT_3690,ENT_857,1,6
HS,ENT_3690,ENT_858,1,6
HS,ENT_3690,ENT_859,1,6
HS,ENT_3690,ENT_5578,1,6
HS,ENT_3690,ENT_5579,1,6
HS,ENT_3690,ENT_5582,1,6
HS,ENT_3691,ENT_857,1,6
HS,ENT_3691,ENT_858,1,6
HS,ENT_3691,ENT_859,1,6
HS,ENT_3691,ENT_5578,1,6
HS,ENT_3691,ENT_5579,1,6
HS,ENT_3691,ENT_5582,1,6
HS,ENT_3693,ENT_857,1,6
HS,ENT_3693,ENT_858,1,6
HS,ENT_3693,ENT_859,1,6
HS,ENT_3693,ENT_5578,1,6
HS,ENT_3693,ENT_5579,1,6
HS,ENT_3693,ENT_5582,1,6
HS,ENT_3694,ENT_857,1,6
HS,ENT_3694,ENT_858,1,6
HS,ENT_3694,ENT_859,1,6
HS,ENT_3694,ENT_5578,1,6
HS,ENT_3694,ENT_5579,1,6
HS,ENT_3694,ENT_5582,1,6
HS,ENT_3695,ENT_857,1,6
HS,ENT_3695,ENT_858,1,6
HS,ENT_3695,ENT_859,1,6
HS,ENT_3695,ENT_5578,1,6
HS,ENT_3695,ENT_5579,1,6
HS,ENT_3695,ENT_5582,1,6
HS,ENT_3696,ENT_857,1,6
HS,ENT_3696,ENT_858,1,6
HS,ENT_3696,ENT_859,1,6
HS,ENT_3696,ENT_5578,1,6
HS,ENT_3696,ENT_5579,1,6
HS,ENT_3696,ENT_5582,1,6
HS,ENT_2316,ENT_3688,1,6
HS,ENT_2316,ENT_3690,1,6
HS,ENT_2316,ENT_3691,1,6
HS,ENT_2316,ENT_3693,1,6
HS,ENT_2316,ENT_3694,1,6
HS,ENT_2316,ENT_3695,1,6
HS,ENT_2316,ENT_3696,1,6
HS,ENT_2316,ENT_22801,1,6
HS,ENT_2316,ENT_3655,1,6
HS,ENT_2316,ENT_3672,1,6
HS,ENT_2316,ENT_3673,1,6
HS,ENT_2316,ENT_3674,1,6
HS,ENT_2316,ENT_3675,1,6
HS,ENT_2316,ENT_3676,1,6
HS,ENT_2316,ENT_3678,1,6
HS,ENT_2316,ENT_3679,1,6
HS,ENT_2316,ENT_3680,1,6
HS,ENT_2316,ENT_3685,1,6
HS,ENT_2316,ENT_8515,1,6
HS,ENT_2316,ENT_8516,1,6
HS,ENT_2317,ENT_3688,1,6
HS,ENT_2317,ENT_3690,1,6
HS,ENT_2317,ENT_3691,1,6
HS,ENT_2317,ENT_3693,1,6
HS,ENT_2317,ENT_3694,1,6
HS,ENT_2317,ENT_3695,1,6
HS,ENT_2317,ENT_3696,1,6
HS,ENT_2317,ENT_22801,1,6
HS,ENT_2317,ENT_3655,1,6
HS,ENT_2317,ENT_3672,1,6
HS,ENT_2317,ENT_3673,1,6
HS,ENT_2317,ENT_3674,1,6
HS,ENT_2317,ENT_3675,1,6
HS,ENT_2317,ENT_3676,1,6
HS,ENT_2317,ENT_3678,1,6
HS,ENT_2317,ENT_3679,1,6
HS,ENT_2317,ENT_3680,1,6
HS,ENT_2317,ENT_3685,1,6
HS,ENT_2317,ENT_8515,1,6
HS,ENT_2317,ENT_8516,1,6
HS,ENT_2318,ENT_3688,1,6
HS,ENT_2318,ENT_3690,1,6
HS,ENT_2318,ENT_3691,1,6
HS,ENT_2318,ENT_3693,1,6
HS,ENT_2318,ENT_3694,1,6
HS,ENT_2318,ENT_3695,1,6
HS,ENT_2318,ENT_3696,1,6
HS,ENT_2318,ENT_22801,1,6
HS,ENT_2318,ENT_3655,1,6
HS,ENT_2318,ENT_3672,1,6
HS,ENT_2318,ENT_3673,1,6
HS,ENT_2318,ENT_3674,1,6
HS,ENT_2318,ENT_3675,1,6
HS,ENT_2318,ENT_3676,1,6
HS,ENT_2318,ENT_3678,1,6
HS,ENT_2318,ENT_3679,1,6
HS,ENT_2318,ENT_3680,1,6
HS,ENT_2318,ENT_3685,1,6
HS,ENT_2318,ENT_8515,1,6
HS,ENT_2318,ENT_8516,1,6
HS,ENT_998,ENT_60,1,3
HS,ENT_998,ENT_71,1,3
HS,ENT_998,ENT_5879,1,3
HS,ENT_998,ENT_5880,1,3
HS,ENT_998,ENT_5881,1,3
HS,ENT_1729,ENT_60,1,3
HS,ENT_1729,ENT_71,1,3
HS,ENT_29780,ENT_3611,1,6
HS,ENT_29780,ENT_60,1,6
HS,ENT_29780,ENT_71,1,6
HS,ENT_29780,ENT_3688,1,6
HS,ENT_29780,ENT_3690,1,6
HS,ENT_29780,ENT_3691,1,6
HS,ENT_29780,ENT_3693,1,6
HS,ENT_29780,ENT_3694,1,6
HS,ENT_29780,ENT_3695,1,6
HS,ENT_29780,ENT_3696,1,6
HS,ENT_29780,ENT_22801,1,6
HS,ENT_29780,ENT_3655,1,6
HS,ENT_29780,ENT_3672,1,6
HS,ENT_29780,ENT_3673,1,6
HS,ENT_29780,ENT_3674,1,6
HS,ENT_29780,ENT_3675,1,6
HS,ENT_29780,ENT_3676,1,6
HS,ENT_29780,ENT_3678,1,6
HS,ENT_29780,ENT_3679,1,6
HS,ENT_29780,ENT_3680,1,6
HS,ENT_29780,ENT_3685,1,6
HS,ENT_29780,ENT_8515,1,6
HS,ENT_29780,ENT_8516,1,6
HS,ENT_55742,ENT_3611,1,6
HS,ENT_55742,ENT_60,1,6
HS,ENT_55742,ENT_71,1,6
HS,ENT_55742,ENT_3688,1,6
HS,ENT_55742,ENT_3690,1,6
HS,ENT_55742,ENT_3691,1,6
HS,ENT_55742,ENT_3693,1,6
HS,ENT_55742,ENT_3694,1,6
HS,ENT_55742,ENT_3695,1,6
HS,ENT_55742,ENT_3696,1,6
HS,ENT_55742,ENT_22801,1,6
HS,ENT_55742,ENT_3655,1,6
HS,ENT_55742,ENT_3672,1,6
HS,ENT_55742,ENT_3673,1,6
HS,ENT_55742,ENT_3674,1,6
HS,ENT_55742,ENT_3675,1,6
HS,ENT_55742,ENT_3676,1,6
HS,ENT_55742,ENT_3678,1,6
HS,ENT_55742,ENT_3679,1,6
HS,ENT_55742,ENT_3680,1,6
HS,ENT_55742,ENT_3685,1,6
HS,ENT_55742,ENT_8515,1,6
HS,ENT_55742,ENT_8516,1,6
HS,ENT_64098,ENT_3611,1,6
HS,ENT_64098,ENT_60,1,6
HS,ENT_64098,ENT_71,1,6
HS,ENT_64098,ENT_3688,1,6
HS,ENT_64098,ENT_3690,1,6
HS,ENT_64098,ENT_3691,1,6
HS,ENT_64098,ENT_3693,1,6
HS,ENT_64098,ENT_3694,1,6
HS,ENT_64098,ENT_3695,1,6
HS,ENT_64098,ENT_3696,1,6
HS,ENT_64098,ENT_22801,1,6
HS,ENT_64098,ENT_3655,1,6
HS,ENT_64098,ENT_3672,1,6
HS,ENT_64098,ENT_3673,1,6
HS,ENT_64098,ENT_3674,1,6
HS,ENT_64098,ENT_3675,1,6
HS,ENT_64098,ENT_3676,1,6
HS,ENT_64098,ENT_3678,1,6
HS,ENT_64098,ENT_3679,1,6
HS,ENT_64098,ENT_3680,1,6
HS,ENT_64098,ENT_3685,1,6
HS,ENT_64098,ENT_8515,1,6
HS,ENT_64098,ENT_8516,1,6
HS,ENT_3611,ENT_5829,1,6
HS,ENT_7414,ENT_81,1,6
HS,ENT_7414,ENT_87,1,6
HS,ENT_7414,ENT_88,1,6
HS,ENT_7414,ENT_89,1,6
HS,ENT_7414,ENT_7094,1,6
HS,ENT_7414,ENT_83660,1,6
HS,ENT_7414,ENT_60,1,6
HS,ENT_7414,ENT_71,1,6
HS,ENT_7408,ENT_60,1,6
HS,ENT_7408,ENT_71,1,6
HS,ENT_7408,ENT_3688,1,6
HS,ENT_7408,ENT_3690,1,6
HS,ENT_7408,ENT_3691,1,6
HS,ENT_7408,ENT_3693,1,6
HS,ENT_7408,ENT_3694,1,6
HS,ENT_7408,ENT_3695,1,6
HS,ENT_7408,ENT_3696,1,6
HS,ENT_7408,ENT_22801,1,6
HS,ENT_7408,ENT_3655,1,6
HS,ENT_7408,ENT_3672,1,6
HS,ENT_7408,ENT_3673,1,6
HS,ENT_7408,ENT_3674,1,6
HS,ENT_7408,ENT_3675,1,6
HS,ENT_7408,ENT_3676,1,6
HS,ENT_7408,ENT_3678,1,6
HS,ENT_7408,ENT_3679,1,6
HS,ENT_7408,ENT_3680,1,6
HS,ENT_7408,ENT_3685,1,6
HS,ENT_7408,ENT_8515,1,6
HS,ENT_7408,ENT_8516,1,6
HS,ENT_7094,ENT_3688,1,6
HS,ENT_7094,ENT_3690,1,6
HS,ENT_7094,ENT_3691,1,6
HS,ENT_7094,ENT_3693,1,6
HS,ENT_7094,ENT_3694,1,6
HS,ENT_7094,ENT_3695,1,6
HS,ENT_7094,ENT_3696,1,6
HS,ENT_7094,ENT_22801,1,6
HS,ENT_7094,ENT_3655,1,6
HS,ENT_7094,ENT_3672,1,6
HS,ENT_7094,ENT_3673,1,6
HS,ENT_7094,ENT_3674,1,6
HS,ENT_7094,ENT_3675,1,6
HS,ENT_7094,ENT_3676,1,6
HS,ENT_7094,ENT_3678,1,6
HS,ENT_7094,ENT_3679,1,6
HS,ENT_7094,ENT_3680,1,6
HS,ENT_7094,ENT_3685,1,6
HS,ENT_7094,ENT_8515,1,6
HS,ENT_7094,ENT_8516,1,6
HS,ENT_83660,ENT_3688,1,6
HS,ENT_83660,ENT_3690,1,6
HS,ENT_83660,ENT_3691,1,6
HS,ENT_83660,ENT_3693,1,6
HS,ENT_83660,ENT_3694,1,6
HS,ENT_83660,ENT_3695,1,6
HS,ENT_83660,ENT_3696,1,6
HS,ENT_83660,ENT_22801,1,6
HS,ENT_83660,ENT_3655,1,6
HS,ENT_83660,ENT_3672,1,6
HS,ENT_83660,ENT_3673,1,6
HS,ENT_83660,ENT_3674,1,6
HS,ENT_83660,ENT_3675,1,6
HS,ENT_83660,ENT_3676,1,6
HS,ENT_83660,ENT_3678,1,6
HS,ENT_83660,ENT_3679,1,6
HS,ENT_83660,ENT_3680,1,6
HS,ENT_83660,ENT_3685,1,6
HS,ENT_83660,ENT_8515,1,6
HS,ENT_83660,ENT_8516,1,6
HS,ENT_7791,ENT_81,1,6
HS,ENT_7791,ENT_87,1,6
HS,ENT_7791,ENT_88,1,6
HS,ENT_7791,ENT_89,1,6
HS,ENT_7791,ENT_60,1,6
HS,ENT_7791,ENT_71,1,6
HS,ENT_81,ENT_3688,1,6
HS,ENT_81,ENT_3690,1,6
HS,ENT_81,ENT_3691,1,6
HS,ENT_81,ENT_3693,1,6
HS,ENT_81,ENT_3694,1,6
HS,ENT_81,ENT_3695,1,6
HS,ENT_81,ENT_3696,1,6
HS,ENT_81,ENT_22801,1,6
HS,ENT_81,ENT_3655,1,6
HS,ENT_81,ENT_3672,1,6
HS,ENT_81,ENT_3673,1,6
HS,ENT_81,ENT_3674,1,6
HS,ENT_81,ENT_3675,1,6
HS,ENT_81,ENT_3676,1,6
HS,ENT_81,ENT_3678,1,6
HS,ENT_81,ENT_3679,1,6
HS,ENT_81,ENT_3680,1,6
HS,ENT_81,ENT_3685,1,6
HS,ENT_81,ENT_8515,1,6
HS,ENT_81,ENT_8516,1,6
HS,ENT_87,ENT_3688,1,6
HS,ENT_87,ENT_3690,1,6
HS,ENT_87,ENT_3691,1,6
HS,ENT_87,ENT_3693,1,6
HS,ENT_87,ENT_3694,1,6
HS,ENT_87,ENT_3695,1,6
HS,ENT_87,ENT_3696,1,6
HS,ENT_87,ENT_22801,1,6
HS,ENT_87,ENT_3655,1,6
HS,ENT_87,ENT_3672,1,6
HS,ENT_87,ENT_3673,1,6
HS,ENT_87,ENT_3674,1,6
HS,ENT_87,ENT_3675,1,6
HS,ENT_87,ENT_3676,1,6
HS,ENT_87,ENT_3678,1,6
HS,ENT_87,ENT_3679,1,6
HS,ENT_87,ENT_3680,1,6
HS,ENT_87,ENT_3685,1,6
HS,ENT_87,ENT_8515,1,6
HS,ENT_87,ENT_8516,1,6
HS,ENT_88,ENT_3688,1,6
HS,ENT_88,ENT_3690,1,6
HS,ENT_88,ENT_3691,1,6
HS,ENT_88,ENT_3693,1,6
HS,ENT_88,ENT_3694,1,6
HS,ENT_88,ENT_3695,1,6
HS,ENT_88,ENT_3696,1,6
HS,ENT_88,ENT_22801,1,6
HS,ENT_88,ENT_3655,1,6
HS,ENT_88,ENT_3672,1,6
HS,ENT_88,ENT_3673,1,6
HS,ENT_88,ENT_3674,1,6
HS,ENT_88,ENT_3675,1,6
HS,ENT_88,ENT_3676,1,6
HS,ENT_88,ENT_3678,1,6
HS,ENT_88,ENT_3679,1,6
HS,ENT_88,ENT_3680,1,6
HS,ENT_88,ENT_3685,1,6
HS,ENT_88,ENT_8515,1,6
HS,ENT_88,ENT_8516,1,6
HS,ENT_89,ENT_3688,1,6
HS,ENT_89,ENT_3690,1,6
HS,ENT_89,ENT_3691,1,6
HS,ENT_89,ENT_3693,1,6
HS,ENT_89,ENT_3694,1,6
HS,ENT_89,ENT_3695,1,6
HS,ENT_89,ENT_3696,1,6
HS,ENT_89,ENT_22801,1,6
HS,ENT_89,ENT_3655,1,6
HS,ENT_89,ENT_3672,1,6
HS,ENT_89,ENT_3673,1,6
HS,ENT_89,ENT_3674,1,6
HS,ENT_89,ENT_3675,1,6
HS,ENT_89,ENT_3676,1,6
HS,ENT_89,ENT_3678,1,6
HS,ENT_89,ENT_3679,1,6
HS,ENT_89,ENT_3680,1,6
HS,ENT_89,ENT_3685,1,6
HS,ENT_89,ENT_8515,1,6
HS,ENT_89,ENT_8516,1,6
HS,ENT_5747,ENT_824,1,3
HS,ENT_5829,ENT_60,1,3
HS,ENT_5829,ENT_71,1,3
HS,ENT_5829,ENT_7414,1,6
HS,ENT_5829,ENT_29780,1,6
HS,ENT_5829,ENT_55742,1,6
HS,ENT_5829,ENT_64098,1,6
HS,ENT_5829,ENT_3688,1,6
HS,ENT_5829,ENT_3690,1,6
HS,ENT_5829,ENT_3691,1,6
HS,ENT_5829,ENT_3693,1,6
HS,ENT_5829,ENT_3694,1,6
HS,ENT_5829,ENT_3695,1,6
HS,ENT_5829,ENT_3696,1,6
HS,ENT_5829,ENT_22801,1,6
HS,ENT_5829,ENT_3655,1,6
HS,ENT_5829,ENT_3672,1,6
HS,ENT_5829,ENT_3673,1,6
HS,ENT_5829,ENT_3674,1,6
HS,ENT_5829,ENT_3675,1,6
HS,ENT_5829,ENT_3676,1,6
HS,ENT_5829,ENT_3678,1,6
HS,ENT_5829,ENT_3679,1,6
HS,ENT_5829,ENT_3680,1,6
HS,ENT_5829,ENT_3685,1,6
HS,ENT_5829,ENT_8515,1,6
HS,ENT_5829,ENT_8516,1,6
HS,ENT_5879,ENT_5599,1,3
HS,ENT_5879,ENT_5601,1,3
HS,ENT_5879,ENT_5602,1,3
HS,ENT_5879,ENT_60,1,3
HS,ENT_5879,ENT_71,1,3
HS,ENT_5880,ENT_5599,1,3
HS,ENT_5880,ENT_5601,1,3
HS,ENT_5880,ENT_5602,1,3
HS,ENT_5880,ENT_60,1,3
HS,ENT_5880,ENT_71,1,3
HS,ENT_5881,ENT_5599,1,3
HS,ENT_5881,ENT_5601,1,3
HS,ENT_5881,ENT_5602,1,3
HS,ENT_5881,ENT_60,1,3
HS,ENT_5881,ENT_71,1,3
HS,ENT_214,ENT_923,1,6
HS,ENT_6693,ENT_6614,1,6
HS,ENT_5788,ENT_933,1,6
HS,ENT_958,ENT_959,1,6
HS,ENT_1013,ENT_1013,1,6
HS,ENT_1001,ENT_1001,1,6
HS,ENT_5010,ENT_100132463,1,6
HS,ENT_5010,ENT_10686,1,6
HS,ENT_5010,ENT_1364,1,6
HS,ENT_5010,ENT_1365,1,6
HS,ENT_5010,ENT_1366,1,6
HS,ENT_5010,ENT_137075,1,6
HS,ENT_5010,ENT_149461,1,6
HS,ENT_5010,ENT_23562,1,6
HS,ENT_5010,ENT_24146,1,6
HS,ENT_5010,ENT_26285,1,6
HS,ENT_5010,ENT_49861,1,6
HS,ENT_5010,ENT_5010,1,6
HS,ENT_5010,ENT_51208,1,6
HS,ENT_5010,ENT_53842,1,6
HS,ENT_5010,ENT_644672,1,6
HS,ENT_5010,ENT_7122,1,6
HS,ENT_5010,ENT_9071,1,6
HS,ENT_5010,ENT_9073,1,6
HS,ENT_5010,ENT_9074,1,6
HS,ENT_5010,ENT_9075,1,6
HS,ENT_5010,ENT_9076,1,6
HS,ENT_5010,ENT_9080,1,6
HS,ENT_4099,ENT_4099,1,6
HS,ENT_4359,ENT_4359,1,6
HS,ENT_4359,ENT_9019,1,6
HS,ENT_9019,ENT_4359,1,6
HS,ENT_9019,ENT_9019,1,6
HS,ENT_23114,ENT_8506,1,6
HS,ENT_23114,ENT_1272,1,6
HS,ENT_5797,ENT_5797,1,6
HS,ENT_6900,ENT_6900,1,6
HS,ENT_6900,ENT_3897,1,6
HS,ENT_6900,ENT_26047,1,6
HS,ENT_257194,ENT_257194,1,6
HS,ENT_57863,ENT_57863,1,6
HS,ENT_23705,ENT_23705,1,6
HS,ENT_3897,ENT_4684,1,6
HS,ENT_3897,ENT_4685,1,6
HS,ENT_6401,ENT_2734,1,6
HS,ENT_6403,ENT_6404,1,6
HS,ENT_947,ENT_6402,1,6
HS,ENT_6402,ENT_8174,1,6
HS,ENT_8174,ENT_3695,1,6
HS,ENT_8174,ENT_3676,1,6
HS,ENT_7412,ENT_3695,1,6
HS,ENT_7412,ENT_3676,1,6
HS,ENT_4267,ENT_4267,1,6
HS,ENT_3384,ENT_3684,1,6
HS,ENT_58494,ENT_58494,1,6
HS,ENT_58494,ENT_83700,1,6
HS,ENT_58494,ENT_3688,1,6
HS,ENT_58494,ENT_3676,1,6
HS,ENT_83700,ENT_58494,1,6
HS,ENT_83700,ENT_83700,1,6
HS,ENT_83700,ENT_3689,1,6
HS,ENT_83700,ENT_3684,1,6
HS,ENT_50848,ENT_50848,1,6
HS,ENT_50848,ENT_58494,1,6
HS,ENT_50848,ENT_83700,1,6
HS,ENT_50848,ENT_3689,1,6
HS,ENT_50848,ENT_3683,1,6
HS,ENT_1003,ENT_1003,1,6
HS,ENT_90952,ENT_90952,1,6
HS,ENT_100506658,ENT_100506658,1,6
HS,ENT_100132463,ENT_100132463,1,6
HS,ENT_100132463,ENT_10686,1,6
HS,ENT_100132463,ENT_1364,1,6
HS,ENT_100132463,ENT_1365,1,6
HS,ENT_100132463,ENT_1366,1,6
HS,ENT_100132463,ENT_137075,1,6
HS,ENT_100132463,ENT_149461,1,6
HS,ENT_100132463,ENT_23562,1,6
HS,ENT_100132463,ENT_24146,1,6
HS,ENT_100132463,ENT_26285,1,6
HS,ENT_100132463,ENT_49861,1,6
HS,ENT_100132463,ENT_5010,1,6
HS,ENT_100132463,ENT_51208,1,6
HS,ENT_100132463,ENT_53842,1,6
HS,ENT_100132463,ENT_644672,1,6
HS,ENT_100132463,ENT_7122,1,6
HS,ENT_100132463,ENT_9071,1,6
HS,ENT_100132463,ENT_9073,1,6
HS,ENT_100132463,ENT_9074,1,6
HS,ENT_100132463,ENT_9075,1,6
HS,ENT_100132463,ENT_9076,1,6
HS,ENT_100132463,ENT_9080,1,6
HS,ENT_10686,ENT_100132463,1,6
HS,ENT_10686,ENT_10686,1,6
HS,ENT_10686,ENT_1364,1,6
HS,ENT_10686,ENT_1365,1,6
HS,ENT_10686,ENT_1366,1,6
HS,ENT_10686,ENT_137075,1,6
HS,ENT_10686,ENT_149461,1,6
HS,ENT_10686,ENT_23562,1,6
HS,ENT_10686,ENT_24146,1,6
HS,ENT_10686,ENT_26285,1,6
HS,ENT_10686,ENT_49861,1,6
HS,ENT_10686,ENT_5010,1,6
HS,ENT_10686,ENT_51208,1,6
HS,ENT_10686,ENT_53842,1,6
HS,ENT_10686,ENT_644672,1,6
HS,ENT_10686,ENT_7122,1,6
HS,ENT_10686,ENT_9071,1,6
HS,ENT_10686,ENT_9073,1,6
HS,ENT_10686,ENT_9074,1,6
HS,ENT_10686,ENT_9075,1,6
HS,ENT_10686,ENT_9076,1,6
HS,ENT_10686,ENT_9080,1,6
HS,ENT_1364,ENT_100132463,1,6
HS,ENT_1364,ENT_10686,1,6
HS,ENT_1364,ENT_1364,1,6
HS,ENT_1364,ENT_1365,1,6
HS,ENT_1364,ENT_1366,1,6
HS,ENT_1364,ENT_137075,1,6
HS,ENT_1364,ENT_149461,1,6
HS,ENT_1364,ENT_23562,1,6
HS,ENT_1364,ENT_24146,1,6
HS,ENT_1364,ENT_26285,1,6
HS,ENT_1364,ENT_49861,1,6
HS,ENT_1364,ENT_5010,1,6
HS,ENT_1364,ENT_51208,1,6
HS,ENT_1364,ENT_53842,1,6
HS,ENT_1364,ENT_644672,1,6
HS,ENT_1364,ENT_7122,1,6
HS,ENT_1364,ENT_9071,1,6
HS,ENT_1364,ENT_9073,1,6
HS,ENT_1364,ENT_9074,1,6
HS,ENT_1364,ENT_9075,1,6
HS,ENT_1364,ENT_9076,1,6
HS,ENT_1364,ENT_9080,1,6
HS,ENT_1365,ENT_100132463,1,6
HS,ENT_1365,ENT_10686,1,6
HS,ENT_1365,ENT_1364,1,6
HS,ENT_1365,ENT_1365,1,6
HS,ENT_1365,ENT_1366,1,6
HS,ENT_1365,ENT_137075,1,6
HS,ENT_1365,ENT_149461,1,6
HS,ENT_1365,ENT_23562,1,6
HS,ENT_1365,ENT_24146,1,6
HS,ENT_1365,ENT_26285,1,6
HS,ENT_1365,ENT_49861,1,6
HS,ENT_1365,ENT_5010,1,6
HS,ENT_1365,ENT_51208,1,6
HS,ENT_1365,ENT_53842,1,6
HS,ENT_1365,ENT_644672,1,6
HS,ENT_1365,ENT_7122,1,6
HS,ENT_1365,ENT_9071,1,6
HS,ENT_1365,ENT_9073,1,6
HS,ENT_1365,ENT_9074,1,6
HS,ENT_1365,ENT_9075,1,6
HS,ENT_1365,ENT_9076,1,6
HS,ENT_1365,ENT_9080,1,6
HS,ENT_1366,ENT_100132463,1,6
HS,ENT_1366,ENT_10686,1,6
HS,ENT_1366,ENT_1364,1,6
HS,ENT_1366,ENT_1365,1,6
HS,ENT_1366,ENT_1366,1,6
HS,ENT_1366,ENT_137075,1,6
HS,ENT_1366,ENT_149461,1,6
HS,ENT_1366,ENT_23562,1,6
HS,ENT_1366,ENT_24146,1,6
HS,ENT_1366,ENT_26285,1,6
HS,ENT_1366,ENT_49861,1,6
HS,ENT_1366,ENT_5010,1,6
HS,ENT_1366,ENT_51208,1,6
HS,ENT_1366,ENT_53842,1,6
HS,ENT_1366,ENT_644672,1,6
HS,ENT_1366,ENT_7122,1,6
HS,ENT_1366,ENT_9071,1,6
HS,ENT_1366,ENT_9073,1,6
HS,ENT_1366,ENT_9074,1,6
HS,ENT_1366,ENT_9075,1,6
HS,ENT_1366,ENT_9076,1,6
HS,ENT_1366,ENT_9080,1,6
HS,ENT_137075,ENT_100132463,1,6
HS,ENT_137075,ENT_10686,1,6
HS,ENT_137075,ENT_1364,1,6
HS,ENT_137075,ENT_1365,1,6
HS,ENT_137075,ENT_1366,1,6
HS,ENT_137075,ENT_137075,1,6
HS,ENT_137075,ENT_149461,1,6
HS,ENT_137075,ENT_23562,1,6
HS,ENT_137075,ENT_24146,1,6
HS,ENT_137075,ENT_26285,1,6
HS,ENT_137075,ENT_49861,1,6
HS,ENT_137075,ENT_5010,1,6
HS,ENT_137075,ENT_51208,1,6
HS,ENT_137075,ENT_53842,1,6
HS,ENT_137075,ENT_644672,1,6
HS,ENT_137075,ENT_7122,1,6
HS,ENT_137075,ENT_9071,1,6
HS,ENT_137075,ENT_9073,1,6
HS,ENT_137075,ENT_9074,1,6
HS,ENT_137075,ENT_9075,1,6
HS,ENT_137075,ENT_9076,1,6
HS,ENT_137075,ENT_9080,1,6
HS,ENT_149461,ENT_100132463,1,6
HS,ENT_149461,ENT_10686,1,6
HS,ENT_149461,ENT_1364,1,6
HS,ENT_149461,ENT_1365,1,6
HS,ENT_149461,ENT_1366,1,6
HS,ENT_149461,ENT_137075,1,6
HS,ENT_149461,ENT_149461,1,6
HS,ENT_149461,ENT_23562,1,6
HS,ENT_149461,ENT_24146,1,6
HS,ENT_149461,ENT_26285,1,6
HS,ENT_149461,ENT_49861,1,6
HS,ENT_149461,ENT_5010,1,6
HS,ENT_149461,ENT_51208,1,6
HS,ENT_149461,ENT_53842,1,6
HS,ENT_149461,ENT_644672,1,6
HS,ENT_149461,ENT_7122,1,6
HS,ENT_149461,ENT_9071,1,6
HS,ENT_149461,ENT_9073,1,6
HS,ENT_149461,ENT_9074,1,6
HS,ENT_149461,ENT_9075,1,6
HS,ENT_149461,ENT_9076,1,6
HS,ENT_149461,ENT_9080,1,6
HS,ENT_23562,ENT_100132463,1,6
HS,ENT_23562,ENT_10686,1,6
HS,ENT_23562,ENT_1364,1,6
HS,ENT_23562,ENT_1365,1,6
HS,ENT_23562,ENT_1366,1,6
HS,ENT_23562,ENT_137075,1,6
HS,ENT_23562,ENT_149461,1,6
HS,ENT_23562,ENT_23562,1,6
HS,ENT_23562,ENT_24146,1,6
HS,ENT_23562,ENT_26285,1,6
HS,ENT_23562,ENT_49861,1,6
HS,ENT_23562,ENT_5010,1,6
HS,ENT_23562,ENT_51208,1,6
HS,ENT_23562,ENT_53842,1,6
HS,ENT_23562,ENT_644672,1,6
HS,ENT_23562,ENT_7122,1,6
HS,ENT_23562,ENT_9071,1,6
HS,ENT_23562,ENT_9073,1,6
HS,ENT_23562,ENT_9074,1,6
HS,ENT_23562,ENT_9075,1,6
HS,ENT_23562,ENT_9076,1,6
HS,ENT_23562,ENT_9080,1,6
HS,ENT_24146,ENT_100132463,1,6
HS,ENT_24146,ENT_10686,1,6
HS,ENT_24146,ENT_1364,1,6
HS,ENT_24146,ENT_1365,1,6
HS,ENT_24146,ENT_1366,1,6
HS,ENT_24146,ENT_137075,1,6
HS,ENT_24146,ENT_149461,1,6
HS,ENT_24146,ENT_23562,1,6
HS,ENT_24146,ENT_24146,1,6
HS,ENT_24146,ENT_26285,1,6
HS,ENT_24146,ENT_49861,1,6
HS,ENT_24146,ENT_5010,1,6
HS,ENT_24146,ENT_51208,1,6
HS,ENT_24146,ENT_53842,1,6
HS,ENT_24146,ENT_644672,1,6
HS,ENT_24146,ENT_7122,1,6
HS,ENT_24146,ENT_9071,1,6
HS,ENT_24146,ENT_9073,1,6
HS,ENT_24146,ENT_9074,1,6
HS,ENT_24146,ENT_9075,1,6
HS,ENT_24146,ENT_9076,1,6
HS,ENT_24146,ENT_9080,1,6
HS,ENT_26285,ENT_100132463,1,6
HS,ENT_26285,ENT_10686,1,6
HS,ENT_26285,ENT_1364,1,6
HS,ENT_26285,ENT_1365,1,6
HS,ENT_26285,ENT_1366,1,6
HS,ENT_26285,ENT_137075,1,6
HS,ENT_26285,ENT_149461,1,6
HS,ENT_26285,ENT_23562,1,6
HS,ENT_26285,ENT_24146,1,6
HS,ENT_26285,ENT_26285,1,6
HS,ENT_26285,ENT_49861,1,6
HS,ENT_26285,ENT_5010,1,6
HS,ENT_26285,ENT_51208,1,6
HS,ENT_26285,ENT_53842,1,6
HS,ENT_26285,ENT_644672,1,6
HS,ENT_26285,ENT_7122,1,6
HS,ENT_26285,ENT_9071,1,6
HS,ENT_26285,ENT_9073,1,6
HS,ENT_26285,ENT_9074,1,6
HS,ENT_26285,ENT_9075,1,6
HS,ENT_26285,ENT_9076,1,6
HS,ENT_26285,ENT_9080,1,6
HS,ENT_49861,ENT_100132463,1,6
HS,ENT_49861,ENT_10686,1,6
HS,ENT_49861,ENT_1364,1,6
HS,ENT_49861,ENT_1365,1,6
HS,ENT_49861,ENT_1366,1,6
HS,ENT_49861,ENT_137075,1,6
HS,ENT_49861,ENT_149461,1,6
HS,ENT_49861,ENT_23562,1,6
HS,ENT_49861,ENT_24146,1,6
HS,ENT_49861,ENT_26285,1,6
HS,ENT_49861,ENT_49861,1,6
HS,ENT_49861,ENT_5010,1,6
HS,ENT_49861,ENT_51208,1,6
HS,ENT_49861,ENT_53842,1,6
HS,ENT_49861,ENT_644672,1,6
HS,ENT_49861,ENT_7122,1,6
HS,ENT_49861,ENT_9071,1,6
HS,ENT_49861,ENT_9073,1,6
HS,ENT_49861,ENT_9074,1,6
HS,ENT_49861,ENT_9075,1,6
HS,ENT_49861,ENT_9076,1,6
HS,ENT_49861,ENT_9080,1,6
HS,ENT_51208,ENT_100132463,1,6
HS,ENT_51208,ENT_10686,1,6
HS,ENT_51208,ENT_1364,1,6
HS,ENT_51208,ENT_1365,1,6
HS,ENT_51208,ENT_1366,1,6
HS,ENT_51208,ENT_137075,1,6
HS,ENT_51208,ENT_149461,1,6
HS,ENT_51208,ENT_23562,1,6
HS,ENT_51208,ENT_24146,1,6
HS,ENT_51208,ENT_26285,1,6
HS,ENT_51208,ENT_49861,1,6
HS,ENT_51208,ENT_5010,1,6
HS,ENT_51208,ENT_51208,1,6
HS,ENT_51208,ENT_53842,1,6
HS,ENT_51208,ENT_644672,1,6
HS,ENT_51208,ENT_7122,1,6
HS,ENT_51208,ENT_9071,1,6
HS,ENT_51208,ENT_9073,1,6
HS,ENT_51208,ENT_9074,1,6
HS,ENT_51208,ENT_9075,1,6
HS,ENT_51208,ENT_9076,1,6
HS,ENT_51208,ENT_9080,1,6
HS,ENT_53842,ENT_100132463,1,6
HS,ENT_53842,ENT_10686,1,6
HS,ENT_53842,ENT_1364,1,6
HS,ENT_53842,ENT_1365,1,6
HS,ENT_53842,ENT_1366,1,6
HS,ENT_53842,ENT_137075,1,6
HS,ENT_53842,ENT_149461,1,6
HS,ENT_53842,ENT_23562,1,6
HS,ENT_53842,ENT_24146,1,6
HS,ENT_53842,ENT_26285,1,6
HS,ENT_53842,ENT_49861,1,6
HS,ENT_53842,ENT_5010,1,6
HS,ENT_53842,ENT_51208,1,6
HS,ENT_53842,ENT_53842,1,6
HS,ENT_53842,ENT_644672,1,6
HS,ENT_53842,ENT_7122,1,6
HS,ENT_53842,ENT_9071,1,6
HS,ENT_53842,ENT_9073,1,6
HS,ENT_53842,ENT_9074,1,6
HS,ENT_53842,ENT_9075,1,6
HS,ENT_53842,ENT_9076,1,6
HS,ENT_53842,ENT_9080,1,6
HS,ENT_644672,ENT_100132463,1,6
HS,ENT_644672,ENT_10686,1,6
HS,ENT_644672,ENT_1364,1,6
HS,ENT_644672,ENT_1365,1,6
HS,ENT_644672,ENT_1366,1,6
HS,ENT_644672,ENT_137075,1,6
HS,ENT_644672,ENT_149461,1,6
HS,ENT_644672,ENT_23562,1,6
HS,ENT_644672,ENT_24146,1,6
HS,ENT_644672,ENT_26285,1,6
HS,ENT_644672,ENT_49861,1,6
HS,ENT_644672,ENT_5010,1,6
HS,ENT_644672,ENT_51208,1,6
HS,ENT_644672,ENT_53842,1,6
HS,ENT_644672,ENT_644672,1,6
HS,ENT_644672,ENT_7122,1,6
HS,ENT_644672,ENT_9071,1,6
HS,ENT_644672,ENT_9073,1,6
HS,ENT_644672,ENT_9074,1,6
HS,ENT_644672,ENT_9075,1,6
HS,ENT_644672,ENT_9076,1,6
HS,ENT_644672,ENT_9080,1,6
HS,ENT_7122,ENT_100132463,1,6
HS,ENT_7122,ENT_10686,1,6
HS,ENT_7122,ENT_1364,1,6
HS,ENT_7122,ENT_1365,1,6
HS,ENT_7122,ENT_1366,1,6
HS,ENT_7122,ENT_137075,1,6
HS,ENT_7122,ENT_149461,1,6
HS,ENT_7122,ENT_23562,1,6
HS,ENT_7122,ENT_24146,1,6
HS,ENT_7122,ENT_26285,1,6
HS,ENT_7122,ENT_49861,1,6
HS,ENT_7122,ENT_5010,1,6
HS,ENT_7122,ENT_51208,1,6
HS,ENT_7122,ENT_53842,1,6
HS,ENT_7122,ENT_644672,1,6
HS,ENT_7122,ENT_7122,1,6
HS,ENT_7122,ENT_9071,1,6
HS,ENT_7122,ENT_9073,1,6
HS,ENT_7122,ENT_9074,1,6
HS,ENT_7122,ENT_9075,1,6
HS,ENT_7122,ENT_9076,1,6
HS,ENT_7122,ENT_9080,1,6
HS,ENT_9071,ENT_100132463,1,6
HS,ENT_9071,ENT_10686,1,6
HS,ENT_9071,ENT_1364,1,6
HS,ENT_9071,ENT_1365,1,6
HS,ENT_9071,ENT_1366,1,6
HS,ENT_9071,ENT_137075,1,6
HS,ENT_9071,ENT_149461,1,6
HS,ENT_9071,ENT_23562,1,6
HS,ENT_9071,ENT_24146,1,6
HS,ENT_9071,ENT_26285,1,6
HS,ENT_9071,ENT_49861,1,6
HS,ENT_9071,ENT_5010,1,6
HS,ENT_9071,ENT_51208,1,6
HS,ENT_9071,ENT_53842,1,6
HS,ENT_9071,ENT_644672,1,6
HS,ENT_9071,ENT_7122,1,6
HS,ENT_9071,ENT_9071,1,6
HS,ENT_9071,ENT_9073,1,6
HS,ENT_9071,ENT_9074,1,6
HS,ENT_9071,ENT_9075,1,6
HS,ENT_9071,ENT_9076,1,6
HS,ENT_9071,ENT_9080,1,6
HS,ENT_9073,ENT_100132463,1,6
HS,ENT_9073,ENT_10686,1,6
HS,ENT_9073,ENT_1364,1,6
HS,ENT_9073,ENT_1365,1,6
HS,ENT_9073,ENT_1366,1,6
HS,ENT_9073,ENT_137075,1,6
HS,ENT_9073,ENT_149461,1,6
HS,ENT_9073,ENT_23562,1,6
HS,ENT_9073,ENT_24146,1,6
HS,ENT_9073,ENT_26285,1,6
HS,ENT_9073,ENT_49861,1,6
HS,ENT_9073,ENT_5010,1,6
HS,ENT_9073,ENT_51208,1,6
HS,ENT_9073,ENT_53842,1,6
HS,ENT_9073,ENT_644672,1,6
HS,ENT_9073,ENT_7122,1,6
HS,ENT_9073,ENT_9071,1,6
HS,ENT_9073,ENT_9073,1,6
HS,ENT_9073,ENT_9074,1,6
HS,ENT_9073,ENT_9075,1,6
HS,ENT_9073,ENT_9076,1,6
HS,ENT_9073,ENT_9080,1,6
HS,ENT_9074,ENT_100132463,1,6
HS,ENT_9074,ENT_10686,1,6
HS,ENT_9074,ENT_1364,1,6
HS,ENT_9074,ENT_1365,1,6
HS,ENT_9074,ENT_1366,1,6
HS,ENT_9074,ENT_137075,1,6
HS,ENT_9074,ENT_149461,1,6
HS,ENT_9074,ENT_23562,1,6
HS,ENT_9074,ENT_24146,1,6
HS,ENT_9074,ENT_26285,1,6
HS,ENT_9074,ENT_49861,1,6
HS,ENT_9074,ENT_5010,1,6
HS,ENT_9074,ENT_51208,1,6
HS,ENT_9074,ENT_53842,1,6
HS,ENT_9074,ENT_644672,1,6
HS,ENT_9074,ENT_7122,1,6
HS,ENT_9074,ENT_9071,1,6
HS,ENT_9074,ENT_9073,1,6
HS,ENT_9074,ENT_9074,1,6
HS,ENT_9074,ENT_9075,1,6
HS,ENT_9074,ENT_9076,1,6
HS,ENT_9074,ENT_9080,1,6
HS,ENT_9075,ENT_100132463,1,6
HS,ENT_9075,ENT_10686,1,6
HS,ENT_9075,ENT_1364,1,6
HS,ENT_9075,ENT_1365,1,6
HS,ENT_9075,ENT_1366,1,6
HS,ENT_9075,ENT_137075,1,6
HS,ENT_9075,ENT_149461,1,6
HS,ENT_9075,ENT_23562,1,6
HS,ENT_9075,ENT_24146,1,6
HS,ENT_9075,ENT_26285,1,6
HS,ENT_9075,ENT_49861,1,6
HS,ENT_9075,ENT_5010,1,6
HS,ENT_9075,ENT_51208,1,6
HS,ENT_9075,ENT_53842,1,6
HS,ENT_9075,ENT_644672,1,6
HS,ENT_9075,ENT_7122,1,6
HS,ENT_9075,ENT_9071,1,6
HS,ENT_9075,ENT_9073,1,6
HS,ENT_9075,ENT_9074,1,6
HS,ENT_9075,ENT_9075,1,6
HS,ENT_9075,ENT_9076,1,6
HS,ENT_9075,ENT_9080,1,6
HS,ENT_9076,ENT_100132463,1,6
HS,ENT_9076,ENT_10686,1,6
HS,ENT_9076,ENT_1364,1,6
HS,ENT_9076,ENT_1365,1,6
HS,ENT_9076,ENT_1366,1,6
HS,ENT_9076,ENT_137075,1,6
HS,ENT_9076,ENT_149461,1,6
HS,ENT_9076,ENT_23562,1,6
HS,ENT_9076,ENT_24146,1,6
HS,ENT_9076,ENT_26285,1,6
HS,ENT_9076,ENT_49861,1,6
HS,ENT_9076,ENT_5010,1,6
HS,ENT_9076,ENT_51208,1,6
HS,ENT_9076,ENT_53842,1,6
HS,ENT_9076,ENT_644672,1,6
HS,ENT_9076,ENT_7122,1,6
HS,ENT_9076,ENT_9071,1,6
HS,ENT_9076,ENT_9073,1,6
HS,ENT_9076,ENT_9074,1,6
HS,ENT_9076,ENT_9075,1,6
HS,ENT_9076,ENT_9076,1,6
HS,ENT_9076,ENT_9080,1,6
HS,ENT_9080,ENT_100132463,1,6
HS,ENT_9080,ENT_10686,1,6
HS,ENT_9080,ENT_1364,1,6
HS,ENT_9080,ENT_1365,1,6
HS,ENT_9080,ENT_1366,1,6
HS,ENT_9080,ENT_137075,1,6
HS,ENT_9080,ENT_149461,1,6
HS,ENT_9080,ENT_23562,1,6
HS,ENT_9080,ENT_24146,1,6
HS,ENT_9080,ENT_26285,1,6
HS,ENT_9080,ENT_49861,1,6
HS,ENT_9080,ENT_5010,1,6
HS,ENT_9080,ENT_51208,1,6
HS,ENT_9080,ENT_53842,1,6
HS,ENT_9080,ENT_644672,1,6
HS,ENT_9080,ENT_7122,1,6
HS,ENT_9080,ENT_9071,1,6
HS,ENT_9080,ENT_9073,1,6
HS,ENT_9080,ENT_9074,1,6
HS,ENT_9080,ENT_9075,1,6
HS,ENT_9080,ENT_9076,1,6
HS,ENT_9080,ENT_9080,1,6
HS,ENT_4091,ENT_57154,1,6
HS,ENT_4091,ENT_64750,1,6
HS,ENT_4092,ENT_57154,1,6
HS,ENT_4092,ENT_64750,1,6
HS,ENT_7124,ENT_4091,1,3
HS,ENT_7124,ENT_4092,1,3
HS,ENT_3458,ENT_4091,1,3
HS,ENT_3458,ENT_4092,1,3
HS,ENT_6477,ENT_54205,1,3
HS,ENT_8795,ENT_841,1,3
HS,ENT_63970,ENT_54205,1,3
HS,ENT_1147,ENT_4790,1,3
HS,ENT_1147,ENT_4791,1,3
HS,ENT_1147,ENT_5970,1,3
HS,ENT_1147,ENT_5971,1,3
HS,ENT_3551,ENT_4790,1,3
HS,ENT_3551,ENT_4791,1,3
HS,ENT_3551,ENT_5970,1,3
HS,ENT_3551,ENT_5971,1,3
HS,ENT_8517,ENT_4790,1,3
HS,ENT_8517,ENT_4791,1,3
HS,ENT_8517,ENT_5970,1,3
HS,ENT_8517,ENT_5971,1,3
HS,ENT_9020,ENT_4790,1,3
HS,ENT_9020,ENT_4791,1,3
HS,ENT_9020,ENT_5970,1,3
HS,ENT_9020,ENT_5971,1,3
HS,ENT_5594,ENT_8649,1,6
HS,ENT_5595,ENT_8649,1,6
HS,ENT_8649,ENT_5604,1,6
HS,ENT_8649,ENT_5605,1,6
HS,ENT_6654,ENT_2885,1,6
HS,ENT_6655,ENT_2885,1,6
HS,ENT_2885,ENT_4914,1,6
HS,ENT_2885,ENT_4915,1,6
HS,ENT_2885,ENT_1956,1,6
HS,ENT_2885,ENT_2260,1,6
HS,ENT_2885,ENT_2261,1,6
HS,ENT_2885,ENT_2263,1,6
HS,ENT_2885,ENT_2264,1,6
HS,ENT_2885,ENT_5156,1,6
HS,ENT_2885,ENT_5159,1,6
HS,ENT_51295,ENT_7189,1,6
HS,ENT_23118,ENT_7189,1,6
HS,ENT_929,ENT_10454,1,3
HS,ENT_3554,ENT_10454,1,3
HS,ENT_3554,ENT_7189,1,3
HS,ENT_7850,ENT_10454,1,3
HS,ENT_7850,ENT_7189,1,3
HS,ENT_7132,ENT_10454,1,3
HS,ENT_7132,ENT_7189,1,3
HS,ENT_23542,ENT_5599,1,6
HS,ENT_23542,ENT_5601,1,6
HS,ENT_23542,ENT_5602,1,6
HS,ENT_23542,ENT_5609,1,6
HS,ENT_23542,ENT_4296,1,6
HS,ENT_23542,ENT_11184,1,6
HS,ENT_9479,ENT_5599,1,6
HS,ENT_9479,ENT_5601,1,6
HS,ENT_9479,ENT_5602,1,6
HS,ENT_9479,ENT_5609,1,6
HS,ENT_9479,ENT_4296,1,6
HS,ENT_9479,ENT_11184,1,6
HS,ENT_4296,ENT_23162,1,6
HS,ENT_5609,ENT_23162,1,6
HS,ENT_5599,ENT_23162,1,6
HS,ENT_5599,ENT_1398,1,6
HS,ENT_5599,ENT_1399,1,6
HS,ENT_5601,ENT_23162,1,6
HS,ENT_5601,ENT_1398,1,6
HS,ENT_5601,ENT_1399,1,6
HS,ENT_5602,ENT_23162,1,6
HS,ENT_5602,ENT_1398,1,6
HS,ENT_5602,ENT_1399,1,6
HS,ENT_6416,ENT_23162,1,6
HS,ENT_6416,ENT_1398,1,6
HS,ENT_6416,ENT_1399,1,6
HS,ENT_6416,ENT_2316,1,6
HS,ENT_6416,ENT_2317,1,6
HS,ENT_6416,ENT_2318,1,6
HS,ENT_6416,ENT_408,1,6
HS,ENT_6416,ENT_409,1,6
HS,ENT_23162,ENT_4214,1,6
HS,ENT_6722,ENT_2002,1,6
HS,ENT_6722,ENT_2005,1,6
HS,ENT_1956,ENT_4690,1,3
HS,ENT_1956,ENT_8440,1,3
HS,ENT_10298,ENT_5609,1,3
HS,ENT_10298,ENT_6416,1,3
HS,ENT_5058,ENT_5609,1,3
HS,ENT_5058,ENT_6416,1,3
HS,ENT_5062,ENT_5609,1,3
HS,ENT_5062,ENT_6416,1,3
HS,ENT_5063,ENT_5609,1,3
HS,ENT_5063,ENT_6416,1,3
HS,ENT_56924,ENT_5609,1,3
HS,ENT_56924,ENT_6416,1,3
HS,ENT_57144,ENT_5609,1,3
HS,ENT_57144,ENT_6416,1,3
HS,ENT_51422,ENT_181,1,3
HS,ENT_51422,ENT_4852,1,3
HS,ENT_51422,ENT_6513,1,3
HS,ENT_51422,ENT_6517,1,3
HS,ENT_51422,ENT_5105,1,3
HS,ENT_51422,ENT_5106,1,3
HS,ENT_51422,ENT_2538,1,3
HS,ENT_51422,ENT_57818,1,3
HS,ENT_51422,ENT_92579,1,3
HS,ENT_53632,ENT_181,1,3
HS,ENT_53632,ENT_4852,1,3
HS,ENT_53632,ENT_6513,1,3
HS,ENT_53632,ENT_6517,1,3
HS,ENT_53632,ENT_5105,1,3
HS,ENT_53632,ENT_5106,1,3
HS,ENT_53632,ENT_2538,1,3
HS,ENT_53632,ENT_57818,1,3
HS,ENT_53632,ENT_92579,1,3
HS,ENT_5562,ENT_181,1,3
HS,ENT_5562,ENT_4852,1,3
HS,ENT_5562,ENT_6513,1,3
HS,ENT_5562,ENT_6517,1,3
HS,ENT_5562,ENT_5105,1,3
HS,ENT_5562,ENT_5106,1,3
HS,ENT_5562,ENT_2538,1,3
HS,ENT_5562,ENT_57818,1,3
HS,ENT_5562,ENT_92579,1,3
HS,ENT_5563,ENT_181,1,3
HS,ENT_5563,ENT_4852,1,3
HS,ENT_5563,ENT_6513,1,3
HS,ENT_5563,ENT_6517,1,3
HS,ENT_5563,ENT_5105,1,3
HS,ENT_5563,ENT_5106,1,3
HS,ENT_5563,ENT_2538,1,3
HS,ENT_5563,ENT_57818,1,3
HS,ENT_5563,ENT_92579,1,3
HS,ENT_5564,ENT_181,1,3
HS,ENT_5564,ENT_4852,1,3
HS,ENT_5564,ENT_6513,1,3
HS,ENT_5564,ENT_6517,1,3
HS,ENT_5564,ENT_5105,1,3
HS,ENT_5564,ENT_5106,1,3
HS,ENT_5564,ENT_2538,1,3
HS,ENT_5564,ENT_57818,1,3
HS,ENT_5564,ENT_92579,1,3
HS,ENT_5565,ENT_181,1,3
HS,ENT_5565,ENT_4852,1,3
HS,ENT_5565,ENT_6513,1,3
HS,ENT_5565,ENT_6517,1,3
HS,ENT_5565,ENT_5105,1,3
HS,ENT_5565,ENT_5106,1,3
HS,ENT_5565,ENT_2538,1,3
HS,ENT_5565,ENT_57818,1,3
HS,ENT_5565,ENT_92579,1,3
HS,ENT_5571,ENT_181,1,3
HS,ENT_5571,ENT_4852,1,3
HS,ENT_5571,ENT_6513,1,3
HS,ENT_5571,ENT_6517,1,3
HS,ENT_5571,ENT_5105,1,3
HS,ENT_5571,ENT_5106,1,3
HS,ENT_5571,ENT_2538,1,3
HS,ENT_5571,ENT_57818,1,3
HS,ENT_5571,ENT_92579,1,3
HS,ENT_51094,ENT_5465,1,3
HS,ENT_51094,ENT_10645,1,3
HS,ENT_51094,ENT_6794,1,3
HS,ENT_51094,ENT_84254,1,3
HS,ENT_79602,ENT_5465,1,3
HS,ENT_79602,ENT_10645,1,3
HS,ENT_79602,ENT_6794,1,3
HS,ENT_79602,ENT_84254,1,3
HS,ENT_3953,ENT_5465,1,3
HS,ENT_3953,ENT_10645,1,3
HS,ENT_3953,ENT_6794,1,3
HS,ENT_3953,ENT_84254,1,3
HS,ENT_6774,ENT_5443,1,3
HS,ENT_6774,ENT_51422,1,3
HS,ENT_6774,ENT_53632,1,3
HS,ENT_6774,ENT_5562,1,3
HS,ENT_6774,ENT_5563,1,3
HS,ENT_6774,ENT_5564,1,3
HS,ENT_6774,ENT_5565,1,3
HS,ENT_6774,ENT_5571,1,3
HS,ENT_7186,ENT_2475,1,3
HS,ENT_7186,ENT_5599,1,3
HS,ENT_7186,ENT_5601,1,3
HS,ENT_7186,ENT_5602,1,3
HS,ENT_7186,ENT_1147,1,3
HS,ENT_7186,ENT_3551,1,3
HS,ENT_7186,ENT_8517,1,3
HS,ENT_54541,ENT_7249,1,3
HS,ENT_3479,ENT_5594,1,3
HS,ENT_3479,ENT_5595,1,3
HS,ENT_3479,ENT_27330,1,3
HS,ENT_3479,ENT_6195,1,3
HS,ENT_3479,ENT_6196,1,3
HS,ENT_3479,ENT_6197,1,3
HS,ENT_3479,ENT_23533,1,3
HS,ENT_3479,ENT_5290,1,3
HS,ENT_3479,ENT_5291,1,3
HS,ENT_3479,ENT_5293,1,3
HS,ENT_3479,ENT_5294,1,3
HS,ENT_3479,ENT_5295,1,3
HS,ENT_3479,ENT_5296,1,3
HS,ENT_3479,ENT_8503,1,3
HS,ENT_3630,ENT_5594,1,3
HS,ENT_3630,ENT_5595,1,3
HS,ENT_3630,ENT_27330,1,3
HS,ENT_3630,ENT_6195,1,3
HS,ENT_3630,ENT_6196,1,3
HS,ENT_3630,ENT_6197,1,3
HS,ENT_3630,ENT_23533,1,3
HS,ENT_3630,ENT_5290,1,3
HS,ENT_3630,ENT_5291,1,3
HS,ENT_3630,ENT_5293,1,3
HS,ENT_3630,ENT_5294,1,3
HS,ENT_3630,ENT_5295,1,3
HS,ENT_3630,ENT_5296,1,3
HS,ENT_3630,ENT_8503,1,3
HS,ENT_3667,ENT_23533,1,3
HS,ENT_3667,ENT_5290,1,3
HS,ENT_3667,ENT_5291,1,3
HS,ENT_3667,ENT_5293,1,3
HS,ENT_3667,ENT_5294,1,3
HS,ENT_3667,ENT_5295,1,3
HS,ENT_3667,ENT_5296,1,3
HS,ENT_3667,ENT_8503,1,3
HS,ENT_7124,ENT_3551,1,3
HS,ENT_1956,ENT_5604,1,3
HS,ENT_1956,ENT_5605,1,3
HS,ENT_1956,ENT_23533,1,3
HS,ENT_1956,ENT_5290,1,3
HS,ENT_1956,ENT_5291,1,3
HS,ENT_1956,ENT_5293,1,3
HS,ENT_1956,ENT_5294,1,3
HS,ENT_1956,ENT_5295,1,3
HS,ENT_1956,ENT_5296,1,3
HS,ENT_1956,ENT_8503,1,3
HS,ENT_2064,ENT_5604,1,3
HS,ENT_2064,ENT_5605,1,3
HS,ENT_2064,ENT_23533,1,3
HS,ENT_2064,ENT_5290,1,3
HS,ENT_2064,ENT_5291,1,3
HS,ENT_2064,ENT_5293,1,3
HS,ENT_2064,ENT_5294,1,3
HS,ENT_2064,ENT_5295,1,3
HS,ENT_2064,ENT_5296,1,3
HS,ENT_2064,ENT_8503,1,3
HS,ENT_3480,ENT_5604,1,3
HS,ENT_3480,ENT_5605,1,3
HS,ENT_3480,ENT_23533,1,3
HS,ENT_3480,ENT_5290,1,3
HS,ENT_3480,ENT_5291,1,3
HS,ENT_3480,ENT_5293,1,3
HS,ENT_3480,ENT_5294,1,3
HS,ENT_3480,ENT_5295,1,3
HS,ENT_3480,ENT_5296,1,3
HS,ENT_3480,ENT_8503,1,3
HS,ENT_3643,ENT_5604,1,3
HS,ENT_3643,ENT_5605,1,3
HS,ENT_3643,ENT_23533,1,3
HS,ENT_3643,ENT_5290,1,3
HS,ENT_3643,ENT_5291,1,3
HS,ENT_3643,ENT_5293,1,3
HS,ENT_3643,ENT_5294,1,3
HS,ENT_3643,ENT_5295,1,3
HS,ENT_3643,ENT_5296,1,3
HS,ENT_3643,ENT_8503,1,3
HS,ENT_7099,ENT_4790,1,3
HS,ENT_7099,ENT_5970,1,3
HS,ENT_3459,ENT_4790,1,3
HS,ENT_3459,ENT_5970,1,3
HS,ENT_3460,ENT_4790,1,3
HS,ENT_3460,ENT_5970,1,3
HS,ENT_3570,ENT_6774,1,3
HS,ENT_54541,ENT_7248,1,3
HS,ENT_5335,ENT_9047,1,6
HS,ENT_5336,ENT_9047,1,6
HS,ENT_56848,ENT_3265,1,3
HS,ENT_56848,ENT_3845,1,3
HS,ENT_56848,ENT_4893,1,3
HS,ENT_8877,ENT_3265,1,3
HS,ENT_8877,ENT_3845,1,3
HS,ENT_8877,ENT_4893,1,3
HS,ENT_999,ENT_999,1,6
HS,ENT_999,ENT_1499,1,6
HS,ENT_1495,ENT_81,1,6
HS,ENT_1495,ENT_87,1,6
HS,ENT_1495,ENT_88,1,6
HS,ENT_1495,ENT_89,1,6
HS,ENT_1495,ENT_7414,1,6
HS,ENT_1495,ENT_1499,1,6
HS,ENT_1495,ENT_7082,1,6
HS,ENT_1495,ENT_4301,1,6
HS,ENT_1496,ENT_81,1,6
HS,ENT_1496,ENT_87,1,6
HS,ENT_1496,ENT_88,1,6
HS,ENT_1496,ENT_89,1,6
HS,ENT_1496,ENT_7414,1,6
HS,ENT_1496,ENT_1499,1,6
HS,ENT_1496,ENT_7082,1,6
HS,ENT_1496,ENT_4301,1,6
HS,ENT_29119,ENT_81,1,6
HS,ENT_29119,ENT_87,1,6
HS,ENT_29119,ENT_88,1,6
HS,ENT_29119,ENT_89,1,6
HS,ENT_29119,ENT_7414,1,6
HS,ENT_29119,ENT_1499,1,6
HS,ENT_29119,ENT_7082,1,6
HS,ENT_29119,ENT_4301,1,6
HS,ENT_51176,ENT_1499,1,6
HS,ENT_6932,ENT_1499,1,6
HS,ENT_6934,ENT_1499,1,6
HS,ENT_83439,ENT_1499,1,6
HS,ENT_5594,ENT_6591,1,3
HS,ENT_5595,ENT_6591,1,3
HS,ENT_7046,ENT_6615,1,3
HS,ENT_7046,ENT_4089,1,3
HS,ENT_7046,ENT_4087,1,3
HS,ENT_7046,ENT_4088,1,3
HS,ENT_7048,ENT_6615,1,3
HS,ENT_7048,ENT_4089,1,3
HS,ENT_7048,ENT_4087,1,3
HS,ENT_7048,ENT_4088,1,3
HS,ENT_2260,ENT_6615,1,3
HS,ENT_1956,ENT_5594,1,3
HS,ENT_1956,ENT_5595,1,3
HS,ENT_2064,ENT_5594,1,3
HS,ENT_2064,ENT_5595,1,3
HS,ENT_60,ENT_81,1,6
HS,ENT_60,ENT_87,1,6
HS,ENT_60,ENT_88,1,6
HS,ENT_60,ENT_89,1,6
HS,ENT_60,ENT_7414,1,6
HS,ENT_60,ENT_7082,1,6
HS,ENT_60,ENT_1495,1,6
HS,ENT_60,ENT_1496,1,6
HS,ENT_60,ENT_29119,1,6
HS,ENT_60,ENT_4301,1,6
HS,ENT_71,ENT_81,1,6
HS,ENT_71,ENT_87,1,6
HS,ENT_71,ENT_88,1,6
HS,ENT_71,ENT_89,1,6
HS,ENT_71,ENT_7414,1,6
HS,ENT_71,ENT_7082,1,6
HS,ENT_71,ENT_1495,1,6
HS,ENT_71,ENT_1496,1,6
HS,ENT_71,ENT_29119,1,6
HS,ENT_71,ENT_4301,1,6
HS,ENT_7414,ENT_10580,1,6
HS,ENT_10580,ENT_4301,1,6
HS,ENT_81,ENT_4008,1,6
HS,ENT_81,ENT_117178,1,6
HS,ENT_87,ENT_4008,1,6
HS,ENT_87,ENT_117178,1,6
HS,ENT_88,ENT_4008,1,6
HS,ENT_88,ENT_117178,1,6
HS,ENT_89,ENT_4008,1,6
HS,ENT_89,ENT_117178,1,6
HS,ENT_117178,ENT_4301,1,6
HS,ENT_4008,ENT_4301,1,6
HS,ENT_6714,ENT_5879,1,3
HS,ENT_6714,ENT_5880,1,3
HS,ENT_6714,ENT_5881,1,3
HS,ENT_5579,ENT_5566,1,3
HS,ENT_5579,ENT_5567,1,3
HS,ENT_5579,ENT_5568,1,3
HS,ENT_5578,ENT_5566,1,3
HS,ENT_5578,ENT_5567,1,3
HS,ENT_5578,ENT_5568,1,3
HS,ENT_5582,ENT_5566,1,3
HS,ENT_5582,ENT_5567,1,3
HS,ENT_5582,ENT_5568,1,3
HS,ENT_57104,ENT_51099,1,6
HS,ENT_3643,ENT_11145,1,3
HS,ENT_3643,ENT_57104,1,3
HS,ENT_10392,ENT_7205,1,6
HS,ENT_8767,ENT_7189,1,3
HS,ENT_8767,ENT_841,1,3
HS,ENT_8767,ENT_64170,1,6
HS,ENT_6885,ENT_5594,1,3
HS,ENT_6885,ENT_5595,1,3
HS,ENT_6885,ENT_5599,1,3
HS,ENT_6885,ENT_5601,1,3
HS,ENT_6885,ENT_5602,1,3
HS,ENT_6885,ENT_1432,1,3
HS,ENT_6885,ENT_5600,1,3
HS,ENT_6885,ENT_5603,1,3
HS,ENT_6885,ENT_6300,1,3
HS,ENT_10454,ENT_5594,1,3
HS,ENT_10454,ENT_5595,1,3
HS,ENT_10454,ENT_5599,1,3
HS,ENT_10454,ENT_5601,1,3
HS,ENT_10454,ENT_5602,1,3
HS,ENT_10454,ENT_1432,1,3
HS,ENT_10454,ENT_5600,1,3
HS,ENT_10454,ENT_5603,1,3
HS,ENT_10454,ENT_6300,1,3
HS,ENT_23118,ENT_5594,1,3
HS,ENT_23118,ENT_5595,1,3
HS,ENT_23118,ENT_5599,1,3
HS,ENT_23118,ENT_5601,1,3
HS,ENT_23118,ENT_5602,1,3
HS,ENT_23118,ENT_1432,1,3
HS,ENT_23118,ENT_5600,1,3
HS,ENT_23118,ENT_5603,1,3
HS,ENT_23118,ENT_6300,1,3
HS,ENT_257397,ENT_5594,1,3
HS,ENT_257397,ENT_5595,1,3
HS,ENT_257397,ENT_5599,1,3
HS,ENT_257397,ENT_5601,1,3
HS,ENT_257397,ENT_5602,1,3
HS,ENT_257397,ENT_1432,1,3
HS,ENT_257397,ENT_5600,1,3
HS,ENT_257397,ENT_5603,1,3
HS,ENT_257397,ENT_6300,1,3
HS,ENT_64170,ENT_5599,1,3
HS,ENT_64170,ENT_5601,1,3
HS,ENT_64170,ENT_5602,1,3
HS,ENT_64170,ENT_1432,1,3
HS,ENT_64170,ENT_5600,1,3
HS,ENT_64170,ENT_5603,1,3
HS,ENT_64170,ENT_6300,1,3
HS,ENT_22861,ENT_29108,1,6
HS,ENT_22861,ENT_838,1,6
HS,ENT_114548,ENT_29108,1,6
HS,ENT_114548,ENT_22900,1,6
HS,ENT_7205,ENT_8767,1,6
HS,ENT_22900,ENT_834,1,6
HS,ENT_58484,ENT_29108,1,6
HS,ENT_58484,ENT_834,1,6
HS,ENT_10910,ENT_10392,1,3
HS,ENT_10910,ENT_3320,1,6
HS,ENT_10910,ENT_3326,1,6
HS,ENT_10910,ENT_7184,1,6
HS,ENT_3320,ENT_114548,1,6
HS,ENT_3326,ENT_114548,1,6
HS,ENT_7184,ENT_114548,1,6
HS,ENT_4671,ENT_834,1,6
HS,ENT_4210,ENT_9051,1,6
HS,ENT_8915,ENT_6885,1,6
HS,ENT_2885,ENT_27040,1,6
HS,ENT_3265,ENT_2353,1,3
HS,ENT_3265,ENT_3725,1,3
HS,ENT_3845,ENT_2353,1,3
HS,ENT_3845,ENT_3725,1,3
HS,ENT_4893,ENT_2353,1,3
HS,ENT_4893,ENT_3725,1,3
HS,ENT_3702,ENT_3937,1,6
HS,ENT_7006,ENT_3937,1,6
HS,ENT_5335,ENT_3937,1,6
HS,ENT_5335,ENT_27040,1,6
HS,ENT_27040,ENT_9402,1,6
HS,ENT_9402,ENT_3937,1,6
HS,ENT_10451,ENT_3937,1,6
HS,ENT_7409,ENT_3937,1,6
HS,ENT_7410,ENT_3937,1,6
HS,ENT_4690,ENT_3937,1,6
HS,ENT_8440,ENT_3937,1,6
HS,ENT_7535,ENT_919,1,6
HS,ENT_7535,ENT_1739,1,6
HS,ENT_2534,ENT_916,1,6
HS,ENT_2534,ENT_919,1,6
HS,ENT_920,ENT_3932,1,6
HS,ENT_925,ENT_3932,1,6
HS,ENT_926,ENT_3932,1,6
HS,ENT_5777,ENT_5133,1,6
HS,ENT_5777,ENT_1493,1,6
HS,ENT_1432,ENT_4772,1,3
HS,ENT_1432,ENT_4773,1,3
HS,ENT_1432,ENT_4775,1,3
HS,ENT_5600,ENT_4772,1,3
HS,ENT_5600,ENT_4773,1,3
HS,ENT_5600,ENT_4775,1,3
HS,ENT_5603,ENT_4772,1,3
HS,ENT_5603,ENT_4773,1,3
HS,ENT_5603,ENT_4775,1,3
HS,ENT_6300,ENT_4772,1,3
HS,ENT_6300,ENT_4773,1,3
HS,ENT_6300,ENT_4775,1,3
HS,ENT_2885,ENT_5604,1,3
HS,ENT_2885,ENT_5605,1,3
HS,ENT_4087,ENT_4089,1,6
HS,ENT_4088,ENT_4089,1,6
HS,ENT_657,ENT_5594,1,3
HS,ENT_657,ENT_5595,1,3
HS,ENT_657,ENT_1432,1,3
HS,ENT_657,ENT_5600,1,3
HS,ENT_657,ENT_5603,1,3
HS,ENT_657,ENT_6300,1,3
HS,ENT_658,ENT_5594,1,3
HS,ENT_658,ENT_5595,1,3
HS,ENT_658,ENT_1432,1,3
HS,ENT_658,ENT_5600,1,3
HS,ENT_658,ENT_5603,1,3
HS,ENT_658,ENT_6300,1,3
HS,ENT_659,ENT_5594,1,3
HS,ENT_659,ENT_5595,1,3
HS,ENT_659,ENT_1432,1,3
HS,ENT_659,ENT_5600,1,3
HS,ENT_659,ENT_5603,1,3
HS,ENT_659,ENT_6300,1,3
HS,ENT_90,ENT_5594,1,3
HS,ENT_90,ENT_5595,1,3
HS,ENT_90,ENT_1432,1,3
HS,ENT_90,ENT_5600,1,3
HS,ENT_90,ENT_5603,1,3
HS,ENT_90,ENT_6300,1,3
HS,ENT_4086,ENT_4089,1,6
HS,ENT_4090,ENT_4089,1,6
HS,ENT_4093,ENT_4089,1,6
HS,ENT_4055,ENT_7186,1,6
HS,ENT_4055,ENT_7188,1,6
HS,ENT_4055,ENT_7187,1,6
HS,ENT_115650,ENT_7186,1,6
HS,ENT_115650,ENT_7187,1,6
HS,ENT_958,ENT_7189,1,6
HS,ENT_958,ENT_7186,1,6
HS,ENT_958,ENT_7187,1,6
HS,ENT_8792,ENT_7189,1,6
HS,ENT_8792,ENT_7186,1,6
HS,ENT_8737,ENT_11035,1,6
HS,ENT_1432,ENT_8986,1,3
HS,ENT_1432,ENT_9252,1,3
HS,ENT_5600,ENT_8986,1,3
HS,ENT_5600,ENT_9252,1,3
HS,ENT_5603,ENT_8986,1,3
HS,ENT_5603,ENT_9252,1,3
HS,ENT_6300,ENT_8986,1,3
HS,ENT_6300,ENT_9252,1,3
HS,ENT_5599,ENT_3725,1,3
HS,ENT_5601,ENT_3725,1,3
HS,ENT_5602,ENT_3725,1,3
HS,ENT_5594,ENT_8986,1,3
HS,ENT_5594,ENT_9252,1,3
HS,ENT_5595,ENT_8986,1,3
HS,ENT_5595,ENT_9252,1,3
HS,ENT_9863,ENT_5599,1,3
HS,ENT_9863,ENT_5601,1,3
HS,ENT_9863,ENT_5602,1,3