HS,HNF4A,ABCB4,3,0
HS,SP1,ABCB8,3,0
HS,IRF3,ABCC2,3,0
HS,STAT6,ABCD2,3,0
HS,RELA,ABCD3,3,0
HS,ELK1,ACHE,3,0
HS,RELA,ACPP,2,0
HS,SRF,ACTG2,2,0
HS,SP1,ACVR2A,3,0
HS,ADAR,ADAM12,2,0
HS,SP1,ADAM23,3,0
HS,FOS,ADM,4,0
HS,CREB1,ADRB2,2,0
HS,SP1,ADRB3,3,0
HS,HNF4A,AGTR1,3,0
HS,BCL2,AIFM1,2,0
HS,IRF1,AIM2,1,0
HS,STAT3,AKT1,2,0
HS,HNF4A,ALDOB,3,0
HS,NR3C1,ALOX15B,1,0
HS,ETS1,ANGPT2,1,0
HS,HNF1A,ANGPTL3,3,0
HS,MAF,ANPEP,1,0
HS,SP1,ANXA6,4,0
HS,CREB1,AQP2,3,0
HS,SP1,ASPN,2,0
HS,SP1,ATP4A,2,0
HS,FOS,ATRIP,5,0
HS,GATA3,AURKA,3,0
HS,SP1,B4GALT5,3,0
HS,MEF2C,BCMO1,3,0
HS,CREB1,BDNF,3,0
HS,MITF,BIRC7,3,0
HS,RELA,BLVRA,3,0
HS,RELA,BMP4,2,0
HS,IRF1,BTF3,1,0
HS,RELA,C7,3,0
HS,SP1,CASP3,4,0
HS,SRF,CASQ2,3,0
HS,YY1,CBX5,3,0
HS,STAT6,CCL26,2,0
HS,CTNNB1,CCL7,3,0
HS,TP53,CCNK,2,0
HS,CREB3,CCR2,2,0
HS,ETS1,CD244,5,0
HS,ELK1,CD28,5,0
HS,SP1,CD2AP,2,0
HS,NFATC2,CD3G,3,0
HS,EBF1,CD79A,2,0
HS,STAT1,CD86,4,0
HS,GATA3,CD8B,3,0
HS,TP53,CDC20,3,0
HS,SP1,CDK2,4,0
HS,EGR1,CDK5R1,3,0
HS,GLI2,CFLAR,2,0
HS,SP1,CGB8,3,0
HS,HNF4A,CGN,3,0
HS,TP53,CHEK1,3,0
HS,TP53,CHMP4C,3,0
HS,ETS1,CHUK,3,0
HS,SRF,CNN1,2,0
HS,SP1,COL4A1,4,0
HS,SP1,COL4A2,4,0
HS,NFATC1,COLQ,3,0
HS,SP1,CREM,3,0
HS,MAF,CRYBA4,2,0
HS,SP1,CSNK1A1,3,0
HS,HES1,CTNND2,1,0
HS,SP1,CXADR,2,0
HS,RELA,CXCL11,3,0
HS,ARNT,CXCL13,3,0
HS,RELA,CXCL9,3,0
HS,RARA,CXCR5,3,0
HS,RELA,CYBA,5,0
HS,E2F1,CYC1,2,0
HS,HNF4A,CYP8B1,3,0
HS,STAT6,CYSLTR1,3,0
HS,STAT3,DDAH2,2,0
HS,MYC,DDX18,2,0
HS,MITF,DIAPH1,2,0
HS,STAT3,DMBT1,3,0
HS,SP1,DNASE1,3,0
HS,FOS,DPYD,4,0
HS,SP1,DRG2,3,0
HS,NFATC1,DSC1,3,0
HS,ARNT,DTL,3,0
HS,HES1,DTX1,2,0
HS,CREB1,DYRK1A,3,0
HS,ETS1,ECE1,1,0
HS,SP1,EDA,2,0
HS,SP1,EFNB2,3,0
HS,SP1,ELF4,3,0
HS,TP53,EPHA2,1,0
HS,SP1,EPHX2,3,0
HS,SP1,EZR,2,0
HS,HNF4A,F11,3,0
HS,HNF4A,FABP2,3,0
HS,RXRA,FABP6,2,0
HS,IRF8,FANCE,3,0
HS,TP53,FBXO30,2,0
HS,SP1,FCGR3A,3,0
HS,STAT1,FCGRT,3,0
HS,SP1,FDX1,4,0
HS,KLF5,FGFBP2,2,0
HS,HNF1A,FGL1,2,0
HS,SP1,FHL2,3,0
HS,SP1,FOLR1,3,0
HS,IRF1,FOXP3,3,0
HS,RELA,FSTL3,3,0
HS,ATF4,FUS,3,0
HS,FOXO3,G6PC,2,0
HS,CREB1,GABBR1,3,0
HS,E2F1,GADD45B,3,0
HS,CEBPB,GADD45G,2,0
HS,SP1,GATA1,3,0
HS,GATA3,GCM2,2,0
HS,YY1,GDF5,3,0
HS,KLF4,GHRL,3,0
HS,FOS,GJB2,4,0
HS,HNF4A,GK,3,0
HS,EGR1,GNAQ,3,0
HS,MITF,GPR143,3,0
HS,HNF1A,GSTA1,5,0
HS,SP1,HCK,3,0
HS,TP53,HDAC5,2,0
HS,E2F1,HIST1H2AG,3,0
HS,IRF2,HLAB,4,0
HS,CREB1,HLADRB1,2,0
HS,NF1,HMGB1,3,0
HS,MITF,HPGDS,2,0
HS,MYC,HSP90AA1,5,0
HS,TP53,HSP90AB1,1,0
HS,NF1,HSPG2,4,0
HS,NR3C1,HTR1D,2,0
HS,NR3C1,HTR1F,2,0
HS,NR3C1,HTR2A,2,0
HS,NR3C1,HTR6,2,0
HS,ETS1,ICK,3,0
HS,CREB1,IER2,3,0
HS,SP1,IER3IP1,2,0
HS,TP53,IFI16,4,0
HS,IRF8,IFI6,2,0
HS,IRF1,IFIT2,2,0
HS,TFAP2A,IGF1R,2,0
HS,RELA,IKBKE,3,0
HS,GATA3,IL13,4,0
HS,STAT6,IL13RA2,3,0
HS,RELA,IL18,3,0
HS,SP1,IL1A,3,0
HS,STAT3,IL1R1,3,0
HS,SP1,IL3RA,3,0
HS,STAT6,IL4R,2,0
HS,SP1,ILK,3,0
HS,RELA,ING2,3,0
HS,E2F1,IRF3,3,0
HS,TP53,IRF5,2,0
HS,TFAP2A,IRF6,2,0
HS,SRF,ITGA1,3,0
HS,SP1,ITGA2,2,0
HS,SP1,ITPR1,3,0
HS,GLI1,JUP,2,0
HS,ELK1,KCNK5,3,0
HS,SRF,KCNMB1,2,0
HS,SP1,KCTD11,2,0
HS,FOXO1,KLF2,2,0
HS,GATA3,KLRC1,3,0
HS,KLF4,KRT4,2,0
HS,SP1,LHX4,3,0
HS,SP1,LIPE,2,0
HS,SRF,LMOD1,2,0
HS,HNF1A,LST1,3,0
HS,STAT1,LY96,3,0
HS,RELA,LZTS2,5,0
HS,HES1,MAP2,1,0
HS,E2F1,MAP3K5,1,0
HS,ETS1,MCL1,3,0
HS,WT1,MDK,2,0
HS,SP1,ME2,2,0
HS,TP53,MFN2,2,0
HS,ETS1,MGAT5,3,0
HS,SP1,MGST1,3,0
HS,SP1,MIER1,2,0
HS,SP1,MKI67,3,0
HS,MITF,MLANA,3,0
HS,SP1,MMP14,3,0
HS,IRF1,MPI,1,0
HS,STAT1,MSR1,4,0
HS,SP1,MST1R,3,0
HS,RELA,MUC7,3,0
HS,STAT1,MVP,3,0
HS,SP1,MXI1,2,0
HS,SP1,MYBL2,2,0
HS,MYC,MYCT1,3,0
HS,SRF,MYL3,1,0
HS,FOS,MYLK,4,0
HS,SNAI1,MYO5A,1,0
HS,FOS,MYOC,4,0
HS,E2F1,NCOA3,2,0
HS,RELA,NFKB2,3,0
HS,RBPJ,NFKBIA,4,0
HS,TP53,NLRC4,2,0
HS,IRF1,NOD1,3,0
HS,CREB1,NOLC1,5,0
HS,MYC,NOP16,4,0
HS,SP1,NOP2,4,0
HS,SP1,NOXO1,5,0
HS,HNF1A,NPC1L1,3,0
HS,PPARG,NPHS1,5,0
HS,YY1,NPM1,2,0
HS,HNF1A,NR1H4,3,0
HS,HNF4A,NR1I2,1,0
HS,NR3C1,NR1I3,2,0
HS,FOXO3,NR2C2,1,0
HS,CREB1,NR4A2,3,0
HS,CREB1,NR4A3,3,0
HS,LEF1,NRCAM,2,0
HS,WT1,NTRK2,2,0
HS,NFKB1,OLFM4,3,0
HS,RELA,OPTN,3,0
HS,STAT5B,OSM,3,0
HS,SP1,P2RX4,3,0
HS,E2F1,PA2G4,1,0
HS,HNF4A,PAK7,3,0
HS,SP1,PARK7,3,0
HS,YY1,PARP1,3,0
HS,RBPJ,PBX1,2,0
HS,EGR1,PCSK2,2,0
HS,ARNT,PFKFB3,2,0
HS,SP1,PFKM,2,0
HS,STAT5B,PIP,1,0
HS,HNF4A,PKLR,3,0
HS,NR3C1,PLA2G4A,3,0
HS,TP53,PLAGL1,2,0
HS,HNF4A,PLCB1,3,0
HS,YY1,PLP1,2,0
HS,RXRA,PLTP,2,0
HS,MITF,PMEL,3,0
HS,SP1,PNOC,3,0
HS,FOS,POLA1,5,0
HS,SP1,PON1,2,0
HS,YY1,PPP2R4,2,0
HS,FOXO3,PRDX3,5,0
HS,SP1,PRKRA,3,0
HS,ETS1,PROM1,4,0
HS,CTNNB1,PROX1,2,0
HS,SP1,PRSS50,3,0
HS,SP1,PSAP,3,0
HS,IRF2,PSEN2,3,0
HS,CREB1,PSENEN,4,0
HS,GATA3,PTGDR2,2,0
HS,IRF8,PTPN13,3,0
HS,E2F1,PTPRO,1,0
HS,EGR1,PTPRZ1,3,0
HS,CREB1,RAB25,3,0
HS,MITF,RAB27A,3,0
HS,TFAP2A,RAD51,3,0
HS,RXRA,RARG,2,0
HS,FOXO4,RBL2,1,0
HS,STAT3,REG1A,3,0
HS,GLI1,REG4,3,0
HS,SP1,REL,2,0
HS,SP1,RELA,3,0
HS,HES1,REST,3,0
HS,MYC,RIOK1,2,0
HS,STAT3,ROR1,3,0
HS,HNF4A,RPS6KA6,3,0
HS,SP1,S100A10,4,0
HS,TP53,S100B,2,0
HS,SP1,SCARF1,2,0
HS,TP53,SCN3B,3,0
HS,TP53,SEMA3B,2,0
HS,SP1,SERPINA5,3,0
HS,NR3C1,SGK1,3,0
HS,HNF1A,SLC22A10,1,0
HS,HNF4A,SLC22A7,3,0
HS,HNF1A,SLC22A9,1,0
HS,HNF4A,SLC28A1,3,0
HS,SP1,SLC3A2,3,0
HS,KLF4,SLC5A6,3,0
HS,SP1,SLC7A1,2,0
HS,SP1,SMARCA1,5,0
HS,RBPJ,SNAI2,4,0
HS,PARP1,SNCA,2,0
HS,SP1,SNCG,3,0
HS,EGR1,SOX18,2,0
HS,IRF1,SP110,1,0
HS,SP1,SPHK1,3,0
HS,FOS,SPRR3,4,0
HS,EGR1,SRD5A1,3,0
HS,ELK1,SRF,3,0
HS,EBF1,STMN2,2,0
HS,TP53,SUB1,2,0
HS,ETS1,TAF12,3,0
HS,NR3C1,TAT,4,0
HS,FOS,TBXAS1,4,0
HS,GATA3,TEK,2,0
HS,SP1,TERF2,3,0
HS,SP1,TGFBR1,2,0
HS,GATA3,TGFBR3,3,0
HS,RARA,THPO,2,0
HS,SP1,TICAM1,4,0
HS,SP1,TINF2,2,0
HS,SFN,TLR10,2,0
HS,IRF1,TLR7,3,0
HS,SP1,TNFAIP1,2,0
HS,TP53,TNFRSF10C,3,0
HS,FOXO3,TNFRSF1B,3,0
HS,RELA,TNFSF15,3,0
HS,MEF2C,TNNI1,2,0
HS,TP53,TP53AIP1,2,0
HS,SP1,TPI1,2,0
HS,MITF,TPSAB1,3,0
HS,LEF1,TRAC,2,0
HS,HNF4A,TREH,3,0
HS,IRF1,TRIM22,3,0
HS,HNF4A,TRPC1,3,0
HS,STAT3,TWIST1,2,0
HS,SP1,TYMS,1,0
HS,SP1,UGDH,3,0
HS,HNF1A,UGT2B7,2,0
HS,TFAP2A,UNG,1,0
HS,SP1,UPK1B,2,0
HS,ETS1,WAS,4,0
HS,NR3C1,WNK4,3,0
HS,NFATC2,XCL1,3,0
HS,JUN,XYLT1,2,0
HS,SRF,ZC3H12A,5,0
HS,CREB1,ZNF268,4,0
HS,SP1,ABCC3,1,0
HS,RXRA,ACADM,2,0
HS,HNF1A,ACAT2,3,0
HS,EGR1,ACE,3,0
HS,HNF4A,ACE,3,0
HS,HNF4A,ACE2,3,0
HS,E2F1,AIM1,3,0
HS,E2F4,AIM1,3,0
HS,ETS1,AIRE,3,0
HS,SMAD3,ANKRD1,2,0
HS,SMAD4,ANKRD1,2,0
HS,E2F1,APAF1,4,0
HS,TP53,APAF1,1,0
HS,SP1,APEX1,2,0
HS,SP1,APOBEC3G,3,0
HS,HNF4A,APOM,3,0
HS,SP1,ATP2A2,3,0
HS,SP1,ATP2C1,1,0
HS,YY1,ATP2C1,1,0
HS,SP1,ATXN3,3,0
HS,CREB1,B3GAT1,3,0
HS,SP1,B3GAT1,3,0
HS,TP53,BBC3,2,0
HS,TP73,BBC3,2,0
HS,E2F1,BCL2L11,1,0
HS,FOXO3,BCL2L11,3,0
HS,RBPJ,BCL3,4,0
HS,RELA,BCL3,1,0
HS,SP1,BSG,3,0
HS,ETS1,C3AR1,4,0
HS,FOS,C3AR1,5,0
HS,RXRA,CABP1,2,0
HS,MYC,CAD,4,0
HS,SP1,CAD,3,0
HS,YY1,CAMKMT,3,0
HS,ETS1,CASP1,1,0
HS,TP53,CASP1,3,0
HS,IRF1,CASP8,3,0
HS,SP1,CASP8,3,0
HS,ATF1,CCK,3,0
HS,CREB1,CCK,3,0
HS,RELA,CCL11,2,0
HS,STAT6,CCL11,3,0
HS,FOS,CCL4,4,0
HS,SP1,CCND3,4,0
HS,E2F1,CCNE1,3,0
HS,WT1,CCNE1,2,0
HS,FOS,CD226,4,0
HS,SP1,CD226,4,0
HS,IRF1,CD274,3,0
HS,STAT3,CD274,5,0
HS,FOS,CD38,4,0
HS,NR3C1,CD38,2,0
HS,TFAP2A,CD82,3,0
HS,TP53,CD82,3,0
HS,SNAI1,CDH5,2,0
HS,SNAI2,CDH5,2,0
HS,CREB1,CDK11A,3,0
HS,ETS1,CDK11A,3,0
HS,SP1,CDK6,3,0
HS,HNF4A,CDX2,3,0
HS,SP1,CEACAM5,2,0
HS,CREB1,CEBPD,2,0
HS,SP1,CEBPD,3,0
HS,SP1,COL11A2,3,0
HS,SP1,CR2,3,0
HS,CREB1,CREB1,3,0
HS,SP1,CREB1,3,0
HS,STAT5A,CSN2,3,0
HS,STAT5B,CSN2,3,0
HS,SP1,CXCL5,2,0
HS,ETS1,CXCR4,3,0
HS,MYC,CXCR4,2,0
HS,ETS1,CYGB,4,0
HS,SP1,CYGB,3,0
HS,SP1,CYP1B1,3,0
HS,HNF4A,CYP2D6,3,0
HS,NFAT5,CYP2E1,1,0
HS,SP1,CYP2F1,3,0
HS,SP1,CYP4B1,3,0
HS,SP1,CYP7B1,2,0
HS,CREB1,CYR61,3,0
HS,SMAD3,CYR61,1,0
HS,IRF7,CYSLTR2,3,0
HS,SNAI1,CYSLTR2,3,0
HS,TP53,DAPK1,3,0
HS,E2F1,DBF4,3,0
HS,SP1,DBF4,3,0
HS,FOSL1,DCN,3,0
HS,JUNB,DCN,3,0
HS,MITF,DCT,1,0
HS,ELK1,DDIT4,3,0
HS,YY1,DEK,2,0
HS,SP1,DLC1,3,0
HS,SRF,DMD,2,0
HS,YY1,DMD,1,0
HS,SP1,DNASE2,3,0
HS,SP1,DNMT1,2,0
HS,TP53,DNMT1,2,0
HS,FOS,DNTT,4,0
HS,JUN,DNTT,3,0
HS,ELK1,DPP3,3,0
HS,ETS1,DPP3,3,0
HS,EGR1,DRG1,3,0
HS,SP1,DRG1,3,0
HS,TP53,DUSP1,2,0
HS,E2F1,DUSP4,1,0
HS,TP53,DUSP4,2,0
HS,SP1,EDNRB,1,0
HS,ELK1,EGR2,3,0
HS,SRF,EGR2,3,0
HS,NFATC1,EGR3,3,0
HS,NFATC2,EGR3,3,0
HS,EGR1,EGR4,2,0
HS,MYC,EIF4E,3,0
HS,STAT3,FAAH,3,0
HS,EGR1,FAP,2,0
HS,SP1,FBLN1,3,0
HS,SMAD2,FBLN5,3,0
HS,SMAD3,FBLN5,3,0
HS,SP1,FCER1G,3,0
HS,HNF1A,FGA,4,0
HS,STAT3,FGG,3,0
HS,NR3C1,FKBP5,3,0
HS,SP1,FLI1,4,0
HS,SP1,FOLR3,3,0
HS,SMAD3,FOXA2,2,0
HS,MYC,FOXM1,3,0
HS,SRF,FXN,3,0
HS,TFAP2A,FXN,3,0
HS,TFAP2A,FXR2,3,0
HS,EGR1,FYN,3,0
HS,SP1,FYN,3,0
HS,SP1,G6PD,4,0
HS,CREB1,GCH1,3,0
HS,SP1,GCH1,5,0
HS,FOS,GJA1,3,0
HS,SP1,GJA1,3,0
HS,EGR2,GJB1,2,0
HS,SP1,GLP1R,2,0
HS,SP1,GLTP,3,0
HS,SP1,GPD2,1,0
HS,ATF1,GSN,3,0
HS,EGR1,GSN,2,0
HS,HNF4A,GUCY2C,3,0
HS,SP1,GYPC,5,0
HS,FOS,GZMB,5,0
HS,SP1,HBEGF,3,0
HS,SP1,HDAC4,4,0
HS,YY1,HIST1H4A,2,0
HS,SP1,HMGA2,3,0
HS,HNF4A,HNF1A,1,0
HS,RXRA,HNF1A,1,0
HS,SP1,HSD17B2,3,0
HS,IRF1,IDO1,5,0
HS,STAT1,IDO1,3,0
HS,RXRA,IER3,3,0
HS,TP53,IER3,2,0
HS,IRF2,IFNGR1,3,0
HS,SP1,IFNGR1,3,0
HS,TP53,IGFBP3,3,0
HS,GLI1,IGFBP6,2,0
HS,IRF1,IL18BP,3,0
HS,STAT3,IL2RG,3,0
HS,STAT1,IL6ST,3,0
HS,STAT3,IL6ST,3,0
HS,IRF1,IL7,3,0
HS,IRF2,IL7,3,0
HS,NR3C1,IL7R,4,0
HS,SP1,INPPL1,3,0
HS,ELK1,INSIG2,2,0
HS,ELK4,INSIG2,2,0
HS,IRF1,IRF2,2,0
HS,IRF2,IRF2,4,0
HS,IRF1,ISG20,3,0
HS,SP1,ITGA11,3,0
HS,WT1,ITGA4,2,0
HS,SP1,KDM5B,3,0
HS,SP1,KISS1,3,0
HS,EGR1,KLF5,3,0
HS,SP1,KLF5,3,0
HS,TFAP2A,KRT1,2,0
HS,FOS,LBP,5,0
HS,STAT3,LBP,3,0
HS,SP1,LCAT,1,0
HS,RELA,LCN2,3,0
HS,CREB1,LDHC,3,0
HS,SP1,LDHC,3,0
HS,NF1,LHX3,3,0
HS,SP1,LHX3,2,0
HS,HNF4A,LIPC,2,0
HS,SP1,LOXL4,5,0
HS,STAT1,LY6E,5,0
HS,STAT5A,LY6E,4,0
HS,SP1,MACROD1,2,0
HS,RELA,MAN2B1,3,0
HS,SP1,MAN2B1,3,0
HS,SP1,MAZ,2,0
HS,SP1,MC4R,3,0
HS,RELA,MEFV,3,0
HS,ETS1,MGAT2,2,0
HS,RELA,MGMT,3,0
HS,SP1,MGMT,5,0
HS,RARA,MGP,2,0
HS,SP1,MPO,2,0
HS,ELK1,MPST,2,0
HS,SP1,MUSK,4,0
HS,SP1,MYCN,2,0
HS,STAT1,MYD88,3,0
HS,STAT3,MYD88,3,0
HS,NF1,MYH4,5,0
HS,EGR1,NAB2,3,0
HS,SP1,NAB2,3,0
HS,TP53,NDRG2,2,0
HS,SP1,NEFH,2,0
HS,SP1,NID1,4,0
HS,CREB1,NOV,4,0
HS,SP1,NOV,4,0
HS,SP1,NOX4,3,0
HS,SP1,NPR2,3,0
HS,SP1,NQO2,3,0
HS,IRF1,OGN,2,0
HS,RELA,OLR1,3,0
HS,SP1,PADI2,3,0
HS,SP1,PAICS,2,0
HS,ATF2,PBK,3,0
HS,CREB1,PBK,3,0
HS,EGR1,PDGFC,2,0
HS,SP1,PDGFC,2,0
HS,SP1,PDPN,3,0
HS,SP1,PGD,3,0
HS,SP1,PGR,1,0
HS,ETS1,PKD1,3,0
HS,CEBPB,PLA2G2A,4,0
HS,CEBPD,PLA2G2A,4,0
HS,SP1,PLA2G7,3,0
HS,SP1,PLAC1,3,0
HS,RELA,PLK1,3,0
HS,PITX2,PLOD1,1,0
HS,SP1,POLD1,2,0
HS,TP53,POLD1,2,0
HS,HNF4A,PPARA,1,0
HS,SP1,PPAT,2,0
HS,YY1,PREPL,3,0
HS,SP1,PREX1,4,0
HS,PPARG,PRODH,5,0
HS,TP53,PRODH,3,0
HS,LEF1,PSMD10,2,0
HS,SP1,PTH1R,4,0
HS,RELA,PTK2,3,0
HS,EGR1,PTP4A1,3,0
HS,SP1,PTP4A1,3,0
HS,ELK1,PYGO2,3,0
HS,SP1,RARA,2,0
HS,SP1,RASGRP2,5,0
HS,SP1,RELN,3,0
HS,SP1,ROBO4,2,0
HS,SP1,S100A6,5,0
HS,NR3C1,SCNN1A,3,0
HS,RELA,SCNN1A,3,0
HS,SP1,SCT,3,0
HS,SP1,SCTR,3,0
HS,JUNB,SERPINB9,3,0
HS,JUND,SERPINB9,3,0
HS,SP1,SGPL1,2,0
HS,SP1,SIRT1,4,0
HS,SP1,SLC15A1,3,0
HS,SP1,SLC19A3,3,0
HS,SP1,SLC20A1,3,0
HS,SP1,SLC25A1,2,0
HS,NF1,SLC25A5,2,0
HS,SP1,SLC25A5,1,0
HS,SP1,SLC2A4,2,0
HS,NF1,SLC34A2,3,0
HS,SP1,SLC47A1,2,0
HS,SP1,SMPD3,3,0
HS,SNAI1,SNAI1,1,0
HS,YY1,SNAI1,3,0
HS,SP1,SNAP25,2,0
HS,EGR1,SOD1,3,0
HS,SP1,SOD1,3,0
HS,SP1,SOD3,3,0
HS,FOS,SPRR2A,4,0
HS,HNF1A,SRC,3,0
HS,EGR1,SREBF1,2,0
HS,SP1,SREBF1,2,0
HS,ATF1,SST,3,0
HS,CREB1,SST,2,0
HS,SP1,ST6GALNAC4,3,0
HS,RELA,STAT4,3,0
HS,HNF4A,SULT1E1,2,0
HS,RELA,TAC1,3,0
HS,SP1,TAF7,1,0
HS,TFAP2A,TAF7,1,0
HS,SP1,TARBP2,5,0
HS,STAT6,TCF7,3,0
HS,ATF1,TEAD1,3,0
HS,SP1,TEAD1,2,0
HS,SP1,TGFA,1,0
HS,CREB1,TGFB3,3,0
HS,SMAD3,TGFB3,3,0
HS,SP1,TGM3,2,0
HS,SP1,TGM4,3,0
HS,IRF1,TLR3,3,0
HS,IRF2,TLR3,3,0
HS,HNF1A,TMEM27,2,0
HS,RELA,TNFAIP3,3,0
HS,FOS,TNFAIP6,3,0
HS,CEBPB,TNFRSF1A,1,0
HS,FOXO3,TNFSF10,2,0
HS,E2F1,TNFSF11,3,0
HS,SP1,TNFSF9,3,0
HS,SP1,TOMM34,3,0
HS,SP1,TOP2B,3,0
HS,YY1,TOP3A,3,0
HS,STAT3,TP63,3,0
HS,TP53,TP63,3,0
HS,IRF1,TRAF3IP2,3,0
HS,NR3C1,TRHR,2,0
HS,HNF4A,TTR,5,0
HS,SFN,TTR,2,0
HS,CREB1,TXN,3,0
HS,RARA,TXN,3,0
HS,SP1,TYMP,3,0
HS,STAT1,TYMP,3,0
HS,CTNNB1,UBE2B,3,0
HS,SP1,UCN,2,0
HS,SP1,UGT8,3,0
HS,SP1,VHL,2,0
HS,TFAP2A,VHL,2,0
HS,STAT1,WARS,3,0
HS,STAT5A,WARS,3,0
HS,STAT5A,WARS2,3,0
HS,STAT5B,WARS2,3,0
HS,GATA2,WT1,3,0
HS,SMAD3,ZFP36,2,0
HS,SMAD4,ZFP36,2,0
HS,EGR1,ABCA2,3,0
HS,SP1,ABCA2,3,0
HS,SP1,ABCC10,3,0
HS,RBPJ,ABCG2,2,0
HS,HNF4A,ABCG5,3,0
HS,HNF4A,ABCG8,3,0
HS,NR3C1,ACAT1,3,0
HS,SP1,ACAT1,3,0
HS,STAT1,ACAT1,3,0
HS,CEBPB,ADH1A,1,0
HS,SP1,ADH5,2,0
HS,EGR1,AHSP,5,0
HS,HNF1A,AKR1C4,3,0
HS,HNF4A,AKR1C4,3,0
HS,HNF1A,ALB,1,0
HS,CEBPB,ALDH1A1,3,0
HS,RXRA,ALDH2,2,0
HS,RXRG,ALDH2,2,0
HS,SP1,ALMS1,3,0
HS,SP1,ALOX12,3,0
HS,RELA,ALOX5AP,3,0
HS,HES1,ASCL1,2,0
HS,ID2,ASCL1,2,0
HS,PPARG,ASS1,5,0
HS,SP1,ASS1,1,0
HS,ATF2,ATF2,2,0
HS,BLVRA,ATF2,2,0
HS,SP1,ATF2,2,0
HS,CREB1,BAK1,5,0
HS,FOS,BAK1,5,0
HS,E2F1,BIK,2,0
HS,TFAP2A,BRS3,3,0
HS,FOSL1,CASP14,3,0
HS,JUNB,CASP14,3,0
HS,JUND,CASP14,3,0
HS,EGR1,CAT,4,0
HS,PPARG,CAT,3,0
HS,SP1,CAT,3,0
HS,SP1,CCNA1,3,0
HS,EGR1,CD44,3,0
HS,SP1,CD44,4,0
HS,TP53,CD44,2,0
HS,YY1,CDC6,2,0
HS,JUND,CDK4,3,0
HS,MYC,CDK4,2,0
HS,SP1,CDK4,3,0
HS,SP1,CDKN2C,2,0
HS,TFDP1,CDKN2C,3,0
HS,SP1,CES2,3,0
HS,FOS,CHIT1,5,0
HS,STAT3,CISH,5,0
HS,STAT5A,CISH,2,0
HS,STAT5B,CISH,2,0
HS,HNF1A,CLDN2,2,0
HS,LEF1,CLDN2,1,0
HS,RELA,COL4A3BP,3,0
HS,SP1,COL4A3BP,3,0
HS,SMAD3,COL7A1,2,0
HS,SMAD4,COL7A1,2,0
HS,SP1,COL7A1,2,0
HS,SP1,CPS1,3,0
HS,CREB1,CRH,3,0
HS,NR3C1,CRH,2,0
HS,SP1,CRMP1,3,0
HS,ETS1,CRYAB,3,0
HS,STAT3,CTGF,5,0
HS,NF1,CTLA4,5,0
HS,NFATC1,CTLA4,3,0
HS,NFATC2,CTLA4,3,0
HS,MITF,CTSK,3,0
HS,NFATC1,CTSK,2,0
HS,IRF1,CTSS,3,0
HS,IRF2,CTSS,3,0
HS,NF1,CYB5A,3,0
HS,HNF4A,CYP27A1,1,0
HS,SP1,CYP27A1,3,0
HS,EGR1,CYP2B6,3,0
HS,HNF4A,CYP2B6,3,0
HS,SP1,CYP46A1,2,0
HS,HNF1A,CYP7A1,1,0
HS,NR2F2,CYP7A1,3,0
HS,SP1,DRD1,3,0
HS,TFAP2A,DRD1,2,0
HS,E2F1,E2F6,1,0
HS,SP1,EDF1,5,0
HS,FOS,EDN1,3,0
HS,GATA2,EDN1,1,0
HS,PARP1,EEF1A1,4,0
HS,SP1,EEF1A1,3,0
HS,EGR1,ELK1,2,0
HS,ELK1,ELK1,2,0
HS,SRF,ELK1,2,0
HS,FOS,ELN,4,0
HS,SMAD3,ELN,3,0
HS,SMAD4,ELN,3,0
HS,CREB1,EXO1,3,0
HS,SP1,EXO1,3,0
HS,SP1,F10,2,0
HS,HNF1A,F2,3,0
HS,CEBPB,F8,3,0
HS,HNF1A,F8,2,0
HS,GATA2,FCGR2A,3,0
HS,GATA3,FCGR2A,3,0
HS,SP1,FES,3,0
HS,EGR1,FGF2,2,0
HS,SP1,FGF2,3,0
HS,HES1,GAA,3,0
HS,YY1,GAA,3,0
HS,ATF2,GAPDH,3,0
HS,KLF5,GAST,2,0
HS,SP1,GAST,2,0
HS,FOS,GBA,5,0
HS,IRF1,GBP1,2,0
HS,IRF2,GBP1,2,0
HS,IRF4,GBP1,2,0
HS,CTF1,GFAP,5,0
HS,FOS,GFAP,5,0
HS,SP1,GFAP,5,0
HS,ETS1,GHR,5,0
HS,HES1,GHR,1,0
HS,HNF4A,GHR,1,0
HS,ATF1,GIF,3,0
HS,CREB1,GIF,3,0
HS,SP1,GIF,3,0
HS,RARA,GNRH2,3,0
HS,RELA,GNRH2,3,0
HS,RXRA,GNRH2,3,0
HS,GATA3,GYPB,1,0
HS,SP1,GYPB,4,0
HS,SP1,HAND1,3,0
HS,NOTCH1,HES1,3,0
HS,SP1,HFE,5,0
HS,IRF1,HLAG,3,0
HS,FOS,HMGA1,3,0
HS,SP1,HMGA1,3,0
HS,CEBPB,HPX,2,0
HS,CEBPD,HPX,1,0
HS,CEBPB,HSD11B1,3,0
HS,NR3C1,HSD11B1,3,0
HS,EGR1,HSD11B2,3,0
HS,SP1,HSD11B2,3,0
HS,GATA3,HSD17B1,3,0
HS,SP1,HSD17B1,3,0
HS,EGR1,ID2,3,0
HS,SP1,ID4,4,0
HS,IRF3,IFNA14,3,0
HS,IRF5,IFNA14,1,0
HS,IRF7,IFNA14,3,0
HS,STAT5A,IGF1,1,0
HS,STAT5B,IGF1,1,0
HS,JUNB,IGFBP4,3,0
HS,JUND,IGFBP4,3,0
HS,NFATC1,IL17A,3,0
HS,NFATC2,IL17A,3,0
HS,IRF1,IL27,3,0
HS,IRF3,IL27,2,0
HS,IRF7,IL27,2,0
HS,KLF4,ITGAD,1,0
HS,SP1,ITGAD,1,0
HS,SP1,ITGAV,2,0
HS,SP1,KIT,3,0
HS,TFAP2A,KRT14,2,0
HS,FOS,LAMA3,4,0
HS,KLF4,LAMA3,2,0
HS,KLF4,LAMB2,4,0
HS,LEF1,LCK,2,0
HS,TCF7,LCK,2,0
HS,LEF1,LEF1,2,0
HS,SP1,LEF1,2,0
HS,YY1,LEF1,2,0
HS,EGR1,LHB,3,0
HS,SP1,LTB,3,0
HS,MEF2D,MB,2,0
HS,JUN,MC2R,3,0
HS,SP1,MDM2,1,0
HS,TP53,MDM2,4,0
HS,SP1,MIP,1,0
HS,FOS,MMP26,4,0
HS,JUN,MMP26,2,0
HS,SP1,MMP28,2,0
HS,STRAP,MMP28,5,0
HS,FOS,MMP3,1,0
HS,SP1,MYBL1,3,0
HS,SP1,NCAM2,3,0
HS,HES1,NEUROG3,2,0
HS,HNF1A,NEUROG3,2,0
HS,ETS1,NKX31,1,0
HS,SP1,NKX31,3,0
HS,NFATC3,NPPB,2,0
HS,FOS,NPY,5,0
HS,ELK1,NR1H2,2,0
HS,ETS1,NR1H2,3,0
HS,SRF,NR1H2,2,0
HS,SP1,NRP1,3,0
HS,MAX,ODC1,1,0
HS,MYC,ODC1,1,0
HS,FOS,OXTR,4,0
HS,RELA,OXTR,3,0
HS,NF1,P2RX1,3,0
HS,SP1,P2RX1,3,0
HS,SP1,PAPSS2,3,0
HS,RELA,PCYT2,3,0
HS,SP1,PCYT2,3,0
HS,SP1,PDCD4,3,0
HS,CREB1,PENK,1,0
HS,FOS,PENK,2,0
HS,ATF2,POLB,5,0
HS,CREB1,POLB,4,0
HS,SP1,POLB,5,0
HS,RELA,POLK,3,0
HS,SP1,POLK,3,0
HS,ELK1,PRKACA,3,0
HS,SP1,PRKACA,2,0
HS,KLF4,PRKG1,2,0
HS,SP1,PRKG1,3,0
HS,IRF1,PSMB9,3,0
HS,IRF2,PSMB9,3,0
HS,STAT1,PSMB9,3,0
HS,HES1,PTGDS,3,0
HS,EGR1,PTGES,3,0
HS,SP1,PTGES,3,0
HS,SP1,RASSF1,3,0
HS,TP53,RASSF1,2,0
HS,FOS,RBP4,2,0
HS,RXRA,RBP4,1,0
HS,SP1,RBP4,2,0
HS,JUN,RELB,3,0
HS,JUNB,RELB,3,0
HS,JUND,RELB,3,0
HS,EGR1,RET,3,0
HS,SP1,RET,2,0
HS,CREB1,S100P,3,0
HS,STAT1,S100P,4,0
HS,STAT4,S100P,4,0
HS,ATF2,SELE,3,0
HS,FOS,SERPINA3,5,0
HS,RELA,SERPINA3,3,0
HS,SMAD4,SERPINB5,3,0
HS,SP1,SERPINB5,5,0
HS,HNF4A,SHBG,3,0
HS,HNF1A,SI,3,0
HS,CEBPB,SLC10A1,3,0
HS,SP1,SLC11A1,3,0
HS,KLF4,SLC19A2,3,0
HS,NF1,SLC19A2,3,0
HS,SP1,SLC19A2,3,0
HS,HNF4A,SLC22A1,3,0
HS,HNF1A,SLC2A2,2,0
HS,CREB1,SLC39A1,3,0
HS,SP1,SLC39A1,3,0
HS,CREB1,SLC5A5,3,0
HS,EGR1,SLC9A2,3,0
HS,SP1,SLC9A2,3,0
HS,CREB1,SOX9,3,0
HS,SP1,SOX9,3,0
HS,SP1,SPARC,4,0
HS,IRF1,STAT1,2,0
HS,SP1,STAT1,3,0
HS,YY1,SURF1,2,0
HS,CREB1,SYN1,2,0
HS,EGR1,SYN1,2,0
HS,TFAP2A,TALDO1,3,0
HS,NR4A1,TCL1A,2,0
HS,SP1,TFAP2C,3,0
HS,FOS,TFPI2,5,0
HS,SP1,TFPI2,3,0
HS,SP1,TK1,5,0
HS,RELA,TLR2,3,0
HS,SP1,TLR2,3,0
HS,CREB1,TRH,3,0
HS,STAT1,TRH,3,0
HS,STAT3,TRH,3,0
HS,SP1,TXNRD1,3,0
HS,MITF,TYR,2,0
HS,SP1,TYR,3,0
HS,MITF,TYRP1,1,0
HS,SP1,UBC,3,0
HS,YY1,UBC,3,0
HS,HNF1A,UGT2B17,3,0
HS,SP1,ULBP1,3,0
HS,TFAP2A,ULBP1,3,0
HS,FOS,UPK2,5,0
HS,IRF1,UPK2,3,0
HS,GATA2,VWF,3,0
HS,GATA3,VWF,3,0
HS,SP1,ABCA1,1,0
HS,EGR1,ACTA2,3,0
HS,SMAD2,ACTA2,3,0
HS,SMAD3,ACTA2,3,0
HS,NF1,ACTC1,2,0
HS,SP1,ACTC1,1,0
HS,SRF,ACTC1,1,0
HS,CEBPB,ADH1C,2,0
HS,RXRA,ADH1C,2,0
HS,PPARG,ADIPOQ,4,0
HS,HNF1A,AFP,3,0
HS,NR3C1,AFP,4,0
HS,FOS,AIP,4,0
HS,FOS,ALDOA,5,0
HS,SP1,ALDOA,5,0
HS,EGR1,ALOX5,2,0
HS,SP1,ALOX5,2,0
HS,HNF1A,AMBP,3,0
HS,HNF4A,AMBP,3,0
HS,HNF1A,APOA2,1,0
HS,HNF4A,APOA4,3,0
HS,NR2F2,APOA4,1,0
HS,SP1,ATP1A3,3,0
HS,NR3C1,ATP1B1,1,0
HS,SNAI1,ATP1B1,2,0
HS,NFATC2,BACE1,3,0
HS,SP1,BACE1,3,0
HS,STAT1,BACE1,3,0
HS,FOS,BDKRB1,3,0
HS,YY1,BDKRB1,2,0
HS,CEBPB,BEST1,3,0
HS,MITF,BEST1,1,0
HS,IRF1,BLMH,5,0
HS,IRF2,BLMH,5,0
HS,SP1,BLMH,5,0
HS,NF1,C4BPB,4,0
HS,SP1,CAPNS1,3,0
HS,SP1,CAV1,2,0
HS,TFDP1,CAV1,2,0
HS,TP53,CAV1,3,0
HS,ATF1,CCNA2,3,0
HS,E4F1,CCNA2,2,0
HS,SP1,CCNA2,3,0
HS,GLI1,CCND2,2,0
HS,SP1,CCND2,3,0
HS,STAT5A,CCND2,3,0
HS,EGR1,CCR5,3,0
HS,STAT3,CCR5,5,0
HS,STAT1,CD40,3,0
HS,STAT6,CD40,3,0
HS,NFATC1,CD40LG,3,0
HS,NFATC2,CD40LG,3,0
HS,RELA,CD40LG,3,0
HS,ETS1,CD8A,4,0
HS,GATA3,CD8A,4,0
HS,TCF7,CD8A,4,0
HS,E2F1,CDC25A,2,0
HS,MAX,CDC25A,1,0
HS,MITF,CDC25A,2,0
HS,MYC,CDC25A,1,0
HS,YY1,CDC25C,5,0
HS,SP1,CDH2,3,0
HS,SP1,CEACAM6,2,0
HS,CREB1,CFTR,3,0
HS,HNF1A,CFTR,3,0
HS,HNF4A,CYP2C19,3,0
HS,HNF4A,CYP2C8,2,0
HS,HNF1A,DAP,2,0
HS,CREB1,DBH,2,0
HS,FOS,DBH,5,0
HS,SP1,DBH,3,0
HS,YY1,DBH,3,0
HS,SP1,DCK,3,0
HS,CTNNB1,DPAGT1,3,0
HS,ELK1,EIF2AK1,3,0
HS,SP1,EIF2AK1,3,0
HS,ARNT,ENG,2,0
HS,SP1,ENG,1,0
HS,GATA2,EPOR,4,0
HS,SP1,EPOR,3,0
HS,WT1,EPOR,2,0
HS,GATA2,ERVW1,3,0
HS,GATA3,ERVW1,3,0
HS,SP1,ERVW1,3,0
HS,EGR1,F2R,3,0
HS,SP1,F2R,3,0
HS,CEBPB,F7,1,0
HS,HNF4A,F7,3,0
HS,NR2F2,F9,3,0
HS,PARP1,FANCB,3,0
HS,HNF1A,FGFR4,3,0
HS,SP1,FGFR4,3,0
HS,TFAP2A,FGFR4,4,0
HS,FOS,FTH1,3,0
HS,JUN,FTH1,3,0
HS,SP1,FTH1,5,0
HS,SP1,FURIN,2,0
HS,HNF4A,GFER,3,0
HS,SP1,GFER,2,0
HS,NF1,GLS,3,0
HS,SP1,GLS,5,0
HS,SP1,GP6,3,0
HS,IRF2,GRAP2,3,0
HS,SP1,GRAP2,3,0
HS,RELA,HAS2,3,0
HS,SP1,HAS2,3,0
HS,STAT1,HAS2,2,0
HS,SP1,HBZ,3,0
HS,KLF4,HDC,2,0
HS,SP1,HDC,3,0
HS,YY1,HDC,4,0
HS,SP1,HOXB7,3,0
HS,YY1,HOXB7,3,0
HS,FOS,HPGD,4,0
HS,JUNB,HPGD,3,0
HS,JUND,HPGD,3,0
HS,EGR1,HPSE,3,0
HS,SP1,HPSE,3,0
HS,SP1,HSPA1A,1,0
HS,SMAD1,IGHA1,2,0
HS,SMAD3,IGHA1,2,0
HS,SMAD4,IGHA1,2,0
HS,NFATC2,IL12RB2,3,0
HS,SP1,IL12RB2,3,0
HS,STAT4,IL12RB2,3,0
HS,CREB1,IL1B,1,0
HS,STAT1,IL1B,3,0
HS,FOS,IL21R,4,0
HS,IRF1,IL21R,4,0
HS,SP1,IL21R,2,0
HS,IRF1,IRF7,3,0
HS,IRF2,IRF7,3,0
HS,IRF3,IRF7,1,0
HS,IRF7,IRF7,1,0
HS,FOS,ITGA5,4,0
HS,SP1,ITGA5,2,0
HS,NF1,ITGA6,2,0
HS,SP1,ITGA6,2,0
HS,SP1,ITGAM,2,0
HS,VAV1,ITGAM,3,0
HS,FOS,JUN,1,0
HS,SP1,JUN,3,0
HS,ELK1,LPL,3,0
HS,SP1,LPL,3,0
HS,FOXO1,MAOA,2,0
HS,SP1,MAOA,4,0
HS,CREB1,MAT2A,3,0
HS,RELA,MAT2A,3,0
HS,SP1,MAT2A,3,0
HS,GATA2,MBP,2,0
HS,RELA,MBP,3,0
HS,CREB1,MITF,1,0
HS,MITF,MITF,1,0
HS,PAX3,MITF,2,0
HS,STAT3,MMP7,3,0
HS,GATA3,MUC1,3,0
HS,SP1,MUC1,2,0
HS,STAT1,MUC1,3,0
HS,LEF1,NPPA,2,0
HS,SP1,PADI3,3,0
HS,HNF1A,PAX4,3,0
HS,HNF4A,PAX4,3,0
HS,SP1,PC,4,0
HS,ETS1,PDGFD,3,0
HS,IRF1,PDGFD,2,0
HS,RELA,PDGFD,3,0
HS,SP1,PDGFD,2,0
HS,STAT3,PFN1,3,0
HS,STAT4,PFN1,1,0
HS,STAT5A,PFN1,3,0
HS,STAT5B,PFN1,3,0
HS,ATF2,PLAT,3,0
HS,CREB1,PLAT,1,0
HS,RXRA,PLAT,2,0
HS,SP1,PLAT,3,0
HS,SMAD3,PRLR,2,0
HS,SMAD4,PRLR,2,0
HS,SP1,PRLR,3,0
HS,FOS,PROCR,5,0
HS,NF1,PROCR,4,0
HS,SP1,PROCR,3,0
HS,GLI1,PTCH1,2,0
HS,GLI2,PTCH1,3,0
HS,GLI3,PTCH1,1,0
HS,SP1,PTCH1,3,0
HS,RARA,RARB,2,0
HS,SP1,RBP3,4,0
HS,ATF1,REN,3,0
HS,CREB1,REN,3,0
HS,NR1H3,REN,2,0
HS,SMAD3,RHOB,1,0
HS,GATA2,RNASE2,3,0
HS,SP1,RNASE2,2,0
HS,NF1,SCGB2A1,4,0
HS,SP1,SCGB2A1,3,0
HS,GATA2,SELP,1,0
HS,HNF4A,SELP,3,0
HS,NR3C1,SELP,1,0
HS,STAT6,SELP,3,0
HS,HNF1A,SERPINA1,3,0
HS,HNF4A,SERPINA1,3,0
HS,SP1,SLC12A4,3,0
HS,TFAP2A,SLC12A4,3,0
HS,CREB1,SLC25A3,1,0
HS,SP1,SLC25A3,2,0
HS,EGR1,SLC9A3,3,0
HS,SP1,SLC9A3,3,0
HS,TFAP2A,SLC9A3,3,0
HS,RXRA,SOX3,2,0
HS,SP1,SOX3,3,0
HS,ETS1,SP1,3,0
HS,KLF4,SP1,2,0
HS,SP1,SP1,1,0
HS,RXRA,SULT2A1,3,0
HS,NF1,TF,3,0
HS,ATF1,TFRC,3,0
HS,CREB1,TFRC,3,0
HS,ETS1,TFRC,1,0
HS,JUN,TFRC,3,0
HS,EBF1,TH,2,0
HS,FOS,TH,3,0
HS,RELA,TNFRSF10B,3,0
HS,SP1,TNFRSF10B,3,0
HS,SP1,VCAN,3,0
HS,TFAP2A,VCAN,3,0
HS,FOS,VIM,4,0
HS,PARP1,VIM,2,0
HS,STAT3,VIM,3,0
HS,IRF1,XAF1,4,0
HS,STAT1,XAF1,3,0
HS,TP53,XAF1,4,0
HS,ELK1,ACTB,2,0
HS,ELK4,ACTB,2,0
HS,SRF,ACTB,3,0
HS,CEBPB,ADH1B,2,0
HS,HNF1A,ADH1B,5,0
HS,NR3C1,ADH1B,1,0
HS,RXRA,AHRR,2,0
HS,SP1,ALAS2,3,0
HS,CTF1,ALOX15,3,0
HS,SP1,ALOX15,3,0
HS,STAT6,ALOX15,1,0
HS,HNF4A,APOA5,2,0
HS,ELK1,APOH,2,0
HS,ELK4,APOH,2,0
HS,HNF1A,APOH,3,0
HS,IRF1,B2M,3,0
HS,IRF2,B2M,3,0
HS,IRF4,B2M,3,0
HS,IRF8,B2M,3,0
HS,RELB,B2M,3,0
HS,FOXO4,BCL6,1,0
HS,TP53,BCL6,2,0
HS,FOS,CCL2,3,0
HS,RELA,CCL2,3,0
HS,SP1,CCL2,2,0
HS,STAT1,CCL2,3,0
HS,TP53,CCL2,2,0
HS,CREB1,CD14,3,0
HS,KLF4,CD14,1,0
HS,SP1,CD14,2,0
HS,IRF4,CD68,3,0
HS,MEFV,CD68,2,0
HS,E2F4,CDK1,3,0
HS,FOXO3,CDKN1B,3,0
HS,KLF4,CDKN1B,2,0
HS,SP1,CDKN1B,3,0
HS,HNF4A,CEACAM1,1,0
HS,IRF1,CEACAM1,3,0
HS,EGR1,COL2A1,3,0
HS,SP1,COL2A1,2,0
HS,ATF1,CPN1,2,0
HS,ATF2,CPN1,2,0
HS,CREB1,CPN1,2,0
HS,NF1,CSH1,3,0
HS,NR3C1,CSH1,5,0
HS,SP1,CSH1,3,0
HS,TFAP2A,CSH1,3,0
HS,SP1,CTSL1,3,0
HS,PARP1,CXCL1,2,0
HS,SP1,CXCL1,3,0
HS,NF1,FABP7,3,0
HS,JUNB,FGFBP1,3,0
HS,EGR1,FH,3,0
HS,SP1,FH,2,0
HS,JUN,FLG,1,0
HS,JUNB,FLG,2,0
HS,EGR1,FLT1,2,0
HS,EGR3,FLT1,2,0
HS,SP1,FLT1,2,0
HS,SP1,FMR1,2,0
HS,TFAP2A,FMR1,4,0
HS,JUND,GCLM,3,0
HS,EGR1,GDF15,3,0
HS,SP1,GDF15,5,0
HS,TP53,GDF15,2,0
HS,CREB1,GNRHR,3,0
HS,GATA2,GNRHR,3,0
HS,GATA3,GNRHR,3,0
HS,ATF1,GRPR,3,0
HS,ATF2,GRPR,3,0
HS,CREB1,GRPR,3,0
HS,ETS1,GRPR,5,0
HS,ATF2,HBG2,3,0
HS,CREB1,HBG2,3,0
HS,CREBBP,HBG2,2,0
HS,RELA,HEPH,3,0
HS,SP1,HEPH,3,0
HS,SP1,HK3,2,0
HS,FOS,HTT,5,0
HS,PRF1,HTT,2,0
HS,SP1,HTT,2,0
HS,TFAP2A,HTT,2,0
HS,FOSL1,IL11,3,0
HS,JUNB,IL11,3,0
HS,JUND,IL11,3,0
HS,CEBPB,IL1RN,3,0
HS,RELA,IL1RN,3,0
HS,STAT6,IL1RN,3,0
HS,FOS,IL21,4,0
HS,STAT1,IL21,3,0
HS,STAT2,IL21,3,0
HS,STAT3,IL21,3,0
HS,STAT4,IL21,3,0
HS,EGR1,IL2RB,3,0
HS,ETS1,IL2RB,1,0
HS,SP1,IL2RB,2,0
HS,ATF1,IMPDH2,3,0
HS,ATF2,IMPDH2,3,0
HS,EGR1,IMPDH2,3,0
HS,SP1,IMPDH2,3,0
HS,FOXO3,IRS2,1,0
HS,SP1,IRS2,3,0
HS,SREBF1,IRS2,3,0
HS,ATF2,ITGB8,3,0
HS,JUNB,ITGB8,3,0
HS,JUND,ITGB8,3,0
HS,SP1,ITGB8,3,0
HS,GATA2,KDR,3,0
HS,KDR,KDR,3,0
HS,SP1,KDR,3,0
HS,ATF1,KIR3DL1,3,0
HS,CREB1,KIR3DL1,3,0
HS,SP1,KIR3DL1,3,0
HS,YY1,KIR3DL1,3,0
HS,ATF1,LOR,3,0
HS,CREB1,LOR,3,0
HS,FOS,LOR,3,0
HS,SP1,LOR,3,0
HS,FOS,MME,3,0
HS,RELA,MUC2,3,0
HS,SP1,MUC2,3,0
HS,TP53,MUC2,3,0
HS,JUNB,NCF2,3,0
HS,JUND,NCF2,3,0
HS,CREB1,NF1,3,0
HS,IRF8,NF1,4,0
HS,KLF4,NF1,3,0
HS,SP1,NF1,3,0
HS,EGR1,NFKB1,3,0
HS,ETS1,NFKB1,3,0
HS,RBPJ,NFKB1,3,0
HS,ATF1,NT5E,3,0
HS,ATF2,NT5E,3,0
HS,LEF1,NT5E,5,0
HS,SP1,NT5E,5,0
HS,TCF7,NT5E,5,0
HS,ATF1,NTS,3,0
HS,ATF2,NTS,3,0
HS,CREB1,NTS,3,0
HS,JUND,NTS,3,0
HS,NR2F2,NTS,3,0
HS,RELA,OPRM1,3,0
HS,STAT1,OPRM1,3,0
HS,STAT3,OPRM1,3,0
HS,STAT6,OPRM1,1,0
HS,E2F4,PCNA,3,0
HS,TP53,PCNA,2,0
HS,YY1,PCNA,5,0
HS,EGR1,PDGFB,2,0
HS,ELK1,PDGFB,3,0
HS,SMAD4,PDGFB,3,0
HS,SP1,PDGFB,2,0
HS,CREB1,PPARGC1A,2,0
HS,FOXO1,PPARGC1A,3,0
HS,SRF,PPARGC1A,3,0
HS,EGR1,PRDM1,3,0
HS,SP1,PRDM1,3,0
HS,SP1,PROS1,3,0
HS,SP1,PTGIR,3,0
HS,IRF1,TAP1,3,0
HS,IRF2,TAP1,3,0
HS,RELA,TAP1,3,0
HS,SP1,TAP1,3,0
HS,STAT1,TAP1,3,0
HS,CTF1,TFAP2A,2,0
HS,ETS1,TFAP2A,3,0
HS,TFAP2A,TFAP2A,2,0
HS,SRF,THBS1,4,0
HS,YY1,THBS1,2,0
HS,FOS,TNFRSF10A,4,0
HS,FOSL1,TNFRSF10A,3,0
HS,JUNB,TNFRSF10A,3,0
HS,JUND,TNFRSF10A,3,0
HS,HMGB1,TOP2A,2,0
HS,SP1,TOP2A,3,0
HS,CREB1,TSC22D3,3,0
HS,FOXO3,TSC22D3,2,0
HS,NR3C1,TSC22D3,2,0
HS,GATA2,TSHB,1,0
HS,HDAC1,TSHB,2,0
HS,JUN,TSHB,5,0
HS,SP1,TTF1,3,0
HS,NFATC1,UTRN,0,0
HS,SP1,UTRN,1,0
HS,FOS,VCAM1,5,0
HS,GATA2,VCAM1,3,0
HS,IRF1,VCAM1,3,0
HS,IRF2,VCAM1,2,0
HS,RELA,VCAM1,3,0
HS,CREB1,VIP,2,0
HS,GATA3,VIP,2,0
HS,STAT1,VIP,3,0
HS,STAT3,VIP,3,0
HS,HNF4A,ABCC1,3,0
HS,NR3C1,ABCC1,2,0
HS,SP1,ABCC1,2,0
HS,SP1,APP,2,0
HS,TFAP2A,APP,2,0
HS,ATF4,ASNS,3,0
HS,CEBPB,ASNS,3,0
HS,SP1,ASNS,3,0
HS,EGR1,BIRC5,3,0
HS,KLF5,BIRC5,3,0
HS,SP1,BIRC5,2,0
HS,STAT3,BIRC5,3,0
HS,TP53,BIRC5,2,0
HS,SP1,CLC,3,0
HS,YY1,CLC,3,0
HS,CEBPB,CPA6,3,0
HS,HNF4A,CPA6,3,0
HS,FOS,CPB2,5,0
HS,HNF1A,CPB2,3,0
HS,NF1,CPB2,5,0
HS,NR3C1,CPB2,5,0
HS,SP1,CPB2,5,0
HS,CEBPD,CRP,1,0
HS,CREB1,CRP,3,0
HS,HNF1A,CRP,3,0
HS,RBPJ,CRP,4,0
HS,FOS,CSF1R,4,0
HS,SP1,CSF1R,3,0
HS,HNF4A,CYP2C9,3,0
HS,NR3C1,CYP2C9,1,0
HS,CREB1,DIO2,3,0
HS,RELA,DIO2,3,0
HS,ETS1,F13A1,4,0
HS,GATA2,F13A1,3,0
HS,NF1,F13A1,3,0
HS,SP1,F13A1,3,0
HS,EGR1,F3,2,0
HS,FOS,F3,3,0
HS,JUND,F3,3,0
HS,NFATC1,F3,3,0
HS,NFATC2,F3,3,0
HS,SP1,F3,2,0
HS,FOS,GCLC,4,0
HS,JUND,GCLC,3,0
HS,FOSL1,GSTP1,3,0
HS,SP1,GSTP1,3,0
HS,TP53,GSTP1,3,0
HS,CTF1,HRAS,2,0
HS,NF1,HRAS,4,0
HS,SP1,HRAS,2,0
HS,ENO1,HSD3B1,4,0
HS,SP1,HSD3B1,3,0
HS,YY1,HSD3B1,4,0
HS,CEBPB,INSR,3,0
HS,SP1,INSR,2,0
HS,ETS1,ITGAX,4,0
HS,FOS,ITGAX,4,0
HS,JUN,ITGAX,4,0
HS,SP1,ITGAX,2,0
HS,SP1,LTF,2,0
HS,EGR1,MAOB,3,0
HS,NR3C1,MAOB,3,0
HS,RARA,MAOB,3,0
HS,SP1,MAOB,2,0
HS,MITF,MET,3,0
HS,PAX3,MET,1,0
HS,SMAD4,MET,3,0
HS,SP1,MET,3,0
HS,FOS,MMP9,4,0
HS,IRF1,MMP9,2,0
HS,JUND,MMP9,3,0
HS,RELA,MMP9,2,0
HS,SP1,MMP9,5,0
HS,IRF1,MYH9,3,0
HS,IRF2,MYH9,3,0
HS,SP1,MYH9,3,0
HS,FOS,NAT1,4,0
HS,SP1,NAT1,3,0
HS,YY1,NAT1,3,0
HS,SP1,NOS1,3,0
HS,NF1,PIGR,5,0
HS,NR3C1,PIGR,2,0
HS,RELA,PIGR,3,0
HS,STAT1,PIM1,3,0
HS,STAT3,PIM1,3,0
HS,STAT4,PIM1,3,0
HS,STAT5A,PIM1,3,0
HS,STAT5B,PIM1,3,0
HS,MAX,PTEN,2,0
HS,NOTCH1,PTEN,1,0
HS,RBPJ,PTEN,1,0
HS,SNAI1,PTEN,2,0
HS,TFAP2A,PTEN,3,0
HS,TP53,PTEN,2,0
HS,ETS1,PTHLH,1,0
HS,SMAD3,PTHLH,1,0
HS,SP1,PTHLH,1,0
HS,SP1,PTTG1,2,0
HS,TP53,PTTG1,3,0
HS,RARA,SFTPB,1,0
HS,RXRG,SFTPB,1,0
HS,FOS,SFTPD,3,0
HS,FOSL1,SFTPD,3,0
HS,JUNB,SFTPD,3,0
HS,JUND,SFTPD,3,0
HS,FOS,SMAD7,5,0
HS,SMAD2,SMAD7,3,0
HS,SMAD3,SMAD7,2,0
HS,SMAD4,SMAD7,2,0
HS,FOS,SP3,4,0
HS,NF1,SP3,4,0
HS,SP1,SP3,3,0
HS,EGR1,TBXA2R,3,0
HS,ETS1,TBXA2R,4,0
HS,FOS,TBXA2R,4,0
HS,SP1,TBXA2R,3,0
HS,WT1,TBXA2R,4,0
HS,ATF1,TGFB2,2,0
HS,ATF2,TGFB2,2,0
HS,FOXO3,TGFB2,2,0
HS,SMAD2,TGFB2,3,0
HS,SMAD3,TGFB2,3,0
HS,SMAD4,TGFB2,3,0
HS,FOSL1,TGM1,3,0
HS,JUN,TGM1,3,0
HS,JUNB,TGM1,3,0
HS,JUND,TGM1,3,0
HS,TFAP2A,TGM1,2,0
HS,ETS1,THBD,3,0
HS,RARA,THBD,2,0
HS,RXRA,THBD,2,0
HS,SP1,THBD,2,0
HS,ETS1,TNFSF14,3,0
HS,NFATC1,TNFSF14,3,0
HS,NFATC2,TNFSF14,3,0
HS,SP1,TNFSF14,3,0
HS,ATF2,VDR,3,0
HS,FOSL1,VDR,3,0
HS,JUNB,VDR,3,0
HS,HNF4A,APOC3,2,0
HS,NR2F2,APOC3,1,0
HS,CREB1,AXL,3,0
HS,FOSL1,AXL,3,0
HS,JUNB,AXL,3,0
HS,JUND,AXL,3,0
HS,SP1,AXL,5,0
HS,MAX,CD2,2,0
HS,KLF5,CDKN2B,2,0
HS,MYC,CDKN2B,2,0
HS,SMAD4,CDKN2B,2,0
HS,SP1,CDKN2B,2,0
HS,NR2F2,CETP,3,0
HS,RXRA,CETP,2,0
HS,SP1,CETP,3,0
HS,YY1,CETP,2,0
HS,RELA,CHI3L1,3,0
HS,SP1,CHI3L1,3,0
HS,FOS,COL1A1,5,0
HS,NF1,COL1A1,3,0
HS,SMAD2,COL1A1,5,0
HS,SMAD3,COL1A1,5,0
HS,SMAD4,COL1A1,5,0
HS,SP1,COL1A1,2,0
HS,CREB1,CPN2,3,0
HS,NR2F2,CPN2,3,0
HS,NR4A1,CPN2,2,0
HS,NF1,CYP17A1,3,0
HS,SP1,CYP17A1,3,0
HS,NF1,CYP3A7,3,0
HS,SP1,CYP3A7,3,0
HS,E2F1,DIRAS3,1,0
HS,E2F4,DIRAS3,1,0
HS,E2F5,DIRAS3,3,0
HS,SP1,DIRAS3,4,0
HS,ATF1,EGR1,3,0
HS,ATF2,EGR1,3,0
HS,CREB1,EGR1,3,0
HS,ELK1,EGR1,3,0
HS,SP1,EGR1,3,0
HS,SRF,EGR1,3,0
HS,ATF2,ERBB2,2,0
HS,ETS1,ERBB2,3,0
HS,TFAP2A,ERBB2,2,0
HS,FOXO3,ESR1,2,0
HS,SP1,ESR1,3,0
HS,TP53,ESR1,3,0
HS,JUND,FAS,3,0
HS,SP1,FAS,1,0
HS,TP53,FAS,1,0
HS,YY1,FAS,3,0
HS,FOS,FCER1A,5,0
HS,SP1,FCER1A,2,0
HS,YY1,FCER1A,3,0
HS,NFATC1,FCER2,3,0
HS,NFATC2,FCER2,2,0
HS,STAT1,FCER2,3,0
HS,STAT5A,FCER2,5,0
HS,STAT6,FCER2,3,0
HS,ATF2,FN1,2,0
HS,CREB1,FN1,2,0
HS,EGR1,FN1,1,0
HS,NR1H3,FN1,2,0
HS,RELA,FN1,3,0
HS,SP1,FN1,2,0
HS,IRF1,IFNL1,3,0
HS,IRF3,IFNL1,3,0
HS,IRF7,IFNL1,3,0
HS,IRF8,IFNL1,3,0
HS,NFKB1,IFNL1,3,0
HS,RELA,IFNL1,3,0
HS,RELB,IFNL1,3,0
HS,EGR1,IGF2,3,0
HS,EGR2,IGF2,3,0
HS,SP1,IGF2,3,0
HS,EGR1,IL3,3,0
HS,FOS,IL3,4,0
HS,JUN,IL3,2,0
HS,NFATC2,IL3,1,0
HS,YY1,IL3,3,0
HS,HNF1A,NOX1,3,0
HS,STAT1,NOX1,3,0
HS,IRF1,NR3C1,1,0
HS,IRF2,NR3C1,2,0
HS,NR2F2,NR3C1,5,0
HS,NR3C1,NR3C1,3,0
HS,NR4A1,NR3C1,5,0
HS,FOS,PDE6B,4,0
HS,SP1,PDE6B,3,0
HS,EGR1,PDGFA,2,0
HS,ETS1,PDGFA,3,0
HS,FOS,PDGFA,5,0
HS,KLF5,PDGFA,1,0
HS,SP1,PDGFA,2,0
HS,WT1,PDGFA,2,0
HS,E2F1,POMC,2,0
HS,E2F4,POMC,3,0
HS,NR3C1,POMC,2,0
HS,NR4A1,POMC,2,0
HS,TFDP1,POMC,2,0
HS,TP53,POMC,3,0
HS,CREB1,PSEN1,3,0
HS,ELK1,PSEN1,2,0
HS,ETS1,PSEN1,3,0
HS,SP1,PSEN1,4,0
HS,APEX1,PTH,2,0
HS,CREB1,PTH,4,0
HS,EP300,PTH,2,0
HS,HDAC1,PTH,2,0
HS,SP1,PTH,4,0
HS,ATF2,RB1,1,0
HS,E2F1,RB1,2,0
HS,SP1,RB1,2,0
HS,EGR1,SOCS1,3,0
HS,ETS1,SOCS1,3,0
HS,IRF2,SOCS1,2,0
HS,SP1,SOCS1,3,0
HS,STAT6,SOCS1,3,0
HS,EGR1,TGFBR2,1,0
HS,FOS,TGFBR2,4,0
HS,JUN,TGFBR2,2,0
HS,SP1,TGFBR2,2,0
HS,SMAD2,TNC,3,0
HS,SMAD3,TNC,3,0
HS,SP1,TNC,3,0
HS,E2F1,TP73,2,0
HS,EGR1,TP73,2,0
HS,SP1,TP73,2,0
HS,TP53,TP73,2,0
HS,TP73,TP73,1,0
HS,NF1,ADA,3,0
HS,SP1,ADA,2,0
HS,YY1,ADA,3,0
HS,HNF1A,AGT,3,0
HS,HNF4A,AGT,3,0
HS,NR3C1,AGT,2,0
HS,SP1,AGT,3,0
HS,STAT1,AGT,3,0
HS,STAT3,AGT,3,0
HS,FOS,APOE,5,0
HS,SP1,APOE,2,0
HS,SRF,APOE,5,0
HS,TFAP2A,APOE,2,0
HS,ZIC2,APOE,1,0
HS,FOXO3,AR,3,0
HS,LEF1,AR,5,0
HS,RELA,AR,2,0
HS,SP1,AR,3,0
HS,WT1,AR,1,0
HS,ATF2,ATF3,3,0
HS,CEBPB,ATF3,1,0
HS,EGR1,ATF3,2,0
HS,KLF4,ATF3,2,0
HS,APEX1,BAX,2,0
HS,EGR1,BAX,1,0
HS,HDAC1,BAX,2,0
HS,PARP1,BAX,2,0
HS,SP1,BAX,3,0
HS,TP53,BAX,1,0
HS,TP73,BAX,2,0
HS,NF1,CBS,5,0
HS,SP1,CBS,3,0
HS,IRF1,CCL19,3,0
HS,IRF3,CCL19,3,0
HS,IRF5,CCL19,3,0
HS,IRF7,CCL19,3,0
HS,RELA,CCL19,3,0
HS,RELB,CCL19,3,0
HS,STAT1,CCL19,3,0
HS,STAT2,CCL19,3,0
HS,CREB1,CCL5,3,0
HS,FOS,CCL5,5,0
HS,IRF1,CCL5,3,0
HS,IRF3,CCL5,3,0
HS,RELA,CCL5,3,0
HS,SP1,CCL5,3,0
HS,CREB1,CDH1,2,0
HS,SNAI1,CDH1,1,0
HS,SP1,CDH1,2,0
HS,RELA,GIP,3,0
HS,SP1,GIP,3,0
HS,GLI1,GLI1,2,0
HS,GLI3,GLI1,2,0
HS,SP1,GLI1,3,0
HS,HNF1A,HNF4A,2,0
HS,HNF4A,HNF4A,4,0
HS,NR2F2,HNF4A,3,0
HS,RXRA,HNF4A,1,0
HS,SP1,HNF4A,3,0
HS,CREB3L2,HSPA5,2,0
HS,E2F1,HSPA5,4,0
HS,SP1,HSPA5,2,0
HS,YY1,HSPA5,3,0
HS,GATA3,IL4,3,0
HS,IRF1,IL4,2,0
HS,IRF2,IL4,1,0
HS,IRF4,IL4,3,0
HS,LEF1,IL4,3,0
HS,NFATC1,IL4,3,0
HS,NFATC2,IL4,1,0
HS,TCF7,IL4,2,0
HS,IRF1,IRF1,4,0
HS,RELA,IRF1,3,0
HS,STAT1,IRF1,3,0
HS,STAT3,IRF1,3,0
HS,STAT4,IRF1,1,0
HS,STAT5A,IRF1,3,0
HS,STAT5B,IRF1,3,0
HS,STAT6,IRF1,2,0
HS,IRF4,IRF4,3,0
HS,NFATC2,IRF4,3,0
HS,RELA,IRF4,3,0
HS,RELB,IRF4,3,0
HS,SP1,IRF4,3,0
HS,STAT4,IRF4,3,0
HS,STAT6,IRF4,3,0
HS,FOS,MT2A,2,0
HS,JUN,MT2A,3,0
HS,NR3C1,MT2A,2,0
HS,SP1,MT2A,4,0
HS,TFAP2A,MT2A,2,0
HS,ATF1,MUC5B,3,0
HS,MYC,MUC5B,3,0
HS,RELA,MUC5B,3,0
HS,SP1,MUC5B,3,0
HS,STAT1,MUC5B,3,0
HS,TFAP2A,MUC5B,3,0
HS,EGR1,MYB,3,0
HS,ETS1,MYB,3,0
HS,SP1,MYB,3,0
HS,WT1,MYB,3,0
HS,SP1,MYH7,2,0
HS,FOSL1,PLAUR,3,0
HS,JUND,PLAUR,3,0
HS,SP1,PLAUR,2,0
HS,TFAP2A,PLAUR,3,0
HS,CEBPB,PPARG,1,0
HS,EGR1,PPARG,3,0
HS,FOXO1,PPARG,2,0
HS,NFATC4,PPARG,1,0
HS,SMAD3,PPARG,3,0
HS,SMAD4,PPARG,2,0
HS,CREB1,SOD2,3,0
HS,FOXO3,SOD2,5,0
HS,JUNB,SOD2,3,0
HS,SP1,SOD2,2,0
HS,TFAP2A,SOD2,3,0
HS,CREB1,SPRR1B,5,0
HS,FOS,SPRR1B,4,0
HS,FOSL1,SPRR1B,3,0
HS,JUNB,SPRR1B,3,0
HS,JUND,SPRR1B,3,0
HS,SP1,SPRR1B,3,0
HS,CREB1,STAR,3,0
HS,SP1,STAR,4,0
HS,YY1,STAR,2,0
HS,FOS,TFF1,3,0
HS,RELA,TFF1,3,0
HS,SP1,TFF1,3,0
HS,HNF4A,ALPI,3,0
HS,KLF4,ALPI,1,0
HS,SP1,ALPI,2,0
HS,ATF1,BCL2L1,3,0
HS,CREB1,BCL2L1,3,0
HS,RELA,BCL2L1,2,0
HS,SP1,BCL2L1,1,0
HS,ATF1,CD1A,3,0
HS,ATF2,CD1A,3,0
HS,CREB1,CD1A,3,0
HS,LEF1,CD1A,3,0
HS,RARA,CD1A,3,0
HS,RXRA,CD1A,3,0
HS,SP1,CD1A,3,0
HS,LEF1,CD3E,2,0
HS,TCF7,CD3E,2,0
HS,E2F1,CDKN2A,1,0
HS,LEF1,CDKN2A,2,0
HS,SP1,CDKN2A,3,0
HS,YY1,CDKN2A,3,0
HS,ATF2,CEBPZ,3,0
HS,ATF4,CEBPZ,3,0
HS,CEBPB,CEBPZ,3,0
HS,EGR1,EGFR,1,0
HS,FOS,EGFR,2,0
HS,RXRA,EGFR,2,0
HS,SP1,EGFR,1,0
HS,TFAP2A,EGFR,2,0
HS,TP53,EGFR,1,0
HS,CREBBP,GADD45A,2,0
HS,EGR1,GADD45A,3,0
HS,KLF4,GADD45A,4,0
HS,RELA,GADD45A,4,0
HS,TP53,GADD45A,2,0
HS,ATF2,IFNB1,1,0
HS,IRF1,IFNB1,1,0
HS,IRF2,IFNB1,2,0
HS,IRF3,IFNB1,2,0
HS,IRF7,IFNB1,3,0
HS,RBPJ,IFNB1,4,0
HS,RELA,IFNB1,1,0
HS,CREB1,IL10,3,0
HS,ETS1,IL10,3,0
HS,IRF1,IL10,3,0
HS,IRF2,IL10,3,0
HS,SP1,IL10,3,0
HS,STAT3,IL10,3,0
HS,IRF1,IL12A,3,0
HS,IRF3,IL12A,2,0
HS,IRF4,IL12A,3,0
HS,IRF5,IL12A,3,0
HS,IRF7,IL12A,3,0
HS,IRF8,IL12A,3,0
HS,RELA,IL12A,3,0
HS,STAT1,IL12A,3,0
HS,STAT2,IL12A,3,0
HS,CEBPB,IL12B,3,0
HS,ETS1,IL12B,3,0
HS,IRF1,IL12B,2,0
HS,IRF2,IL12B,2,0
HS,IRF8,IL12B,2,0
HS,RELA,IL12B,3,0
HS,CREB1,NOS3,3,0
HS,ELK1,NOS3,2,0
HS,GATA2,NOS3,2,0
HS,JUN,NOS3,2,0
HS,SP1,NOS3,2,0
HS,STAT3,NOS3,3,0
HS,HNF1A,PDX1,1,0
HS,PPARG,PDX1,3,0
HS,RXRA,PDX1,2,0
HS,SP1,PDX1,3,0
HS,MYC,SPP1,3,0
HS,NR3C1,SPP1,4,0
HS,RELA,SPP1,2,0
HS,SP1,SPP1,3,0
HS,EGR1,APOA1,2,0
HS,HNF4A,APOA1,3,0
HS,NR2F2,APOA1,2,0
HS,SP1,APOA1,3,0
HS,ATF1,CGA,3,0
HS,CREB1,CGA,3,0
HS,CTF1,CGA,5,0
HS,NR3C1,CGA,1,0
HS,TFAP2A,CGA,3,0
HS,ENO1,HSD3B2,4,0
HS,NR4A1,HSD3B2,1,0
HS,SP1,HSD3B2,3,0
HS,YY1,HSD3B2,4,0
HS,ATF4,IGFBP1,3,0
HS,CREB1,IGFBP1,1,0
HS,FOXO1,IGFBP1,5,0
HS,FOXO3,IGFBP1,2,0
HS,FOXO4,IGFBP1,2,0
HS,HNF1A,IGFBP1,1,0
HS,NR3C1,IGFBP1,1,0
HS,IRF1,ISG15,2,0
HS,IRF2,ISG15,4,0
HS,IRF3,ISG15,1,0
HS,IRF4,ISG15,1,0
HS,IRF5,ISG15,2,0
HS,IRF7,ISG15,2,0
HS,IRF8,ISG15,2,0
HS,STAT1,ISG15,3,0
HS,STAT2,ISG15,3,0
HS,HNF1A,MUC4,3,0
HS,SP1,MUC4,3,0
HS,TFAP2A,MUC4,3,0
HS,ETS1,PRL,3,0
HS,FOS,PRL,3,0
HS,JUND,PRL,3,0
HS,LEF1,PRL,3,0
HS,PITX2,PRL,1,0
HS,ATF1,RFC1,3,0
HS,CREB1,RFC1,2,0
HS,SP1,RFC1,2,0
HS,EGR1,TGFB1,2,0
HS,FOS,TGFB1,4,0
HS,FOSL1,TGFB1,3,0
HS,JUN,TGFB1,3,0
HS,JUNB,TGFB1,3,0
HS,JUND,TGFB1,3,0
HS,SP1,TGFB1,2,0
HS,CTF1,ACTA1,2,0
HS,JUN,ACTA1,2,0
HS,MEF2D,ACTA1,3,0
HS,NF1,ACTA1,4,0
HS,NR2F2,ACTA1,2,0
HS,SP1,ACTA1,2,0
HS,SRF,ACTA1,4,0
HS,HNF1A,APOB,1,0
HS,HNF4A,APOB,3,0
HS,NR2F2,APOB,1,0
HS,SP1,APOB,5,0
HS,ATF1,CIITA,3,0
HS,CREB1,CIITA,3,0
HS,IRF1,CIITA,1,0
HS,IRF2,CIITA,1,0
HS,NF1,CIITA,4,0
HS,STAT1,CIITA,3,0
HS,ATF2,CYP11A1,2,0
HS,CREB1,CYP11A1,2,0
HS,FOS,CYP11A1,4,0
HS,NF1,CYP11A1,4,0
HS,SP1,CYP11A1,3,0
HS,TFAP2A,CYP11A1,3,0
HS,ATF2,FASLG,3,0
HS,EGR1,FASLG,1,0
HS,EGR2,FASLG,3,0
HS,EGR3,FASLG,1,0
HS,ETS1,FASLG,3,0
HS,FOXO3,FASLG,2,0
HS,NFATC1,FASLG,3,0
HS,NFATC2,FASLG,2,0
HS,PPARG,FASLG,3,0
HS,SP1,FASLG,3,0
HS,ETS1,IL5,1,0
HS,GATA2,IL5,4,0
HS,GATA3,IL5,3,0
HS,JUND,IL5,3,0
HS,NFATC1,IL5,3,0
HS,NFATC2,IL5,3,0
HS,NR3C1,IL5,2,0
HS,FOS,IL8,4,0
HS,FOSL1,IL8,1,0
HS,JUND,IL8,3,0
HS,MEFV,IL8,2,0
HS,MITF,IL8,1,0
HS,NFKB1,IL8,2,0
HS,RELA,IL8,2,0
HS,STAT5B,IL8,5,0
HS,FOS,IVL,3,0
HS,FOSL1,IVL,3,0
HS,JUNB,IVL,3,0
HS,JUND,IVL,3,0
HS,SP1,IVL,3,0
HS,STAT1,IVL,3,0
HS,TFAP2A,IVL,2,0
HS,FOS,MMP13,5,0
HS,FOSL1,MMP13,3,0
HS,JUNB,MMP13,3,0
HS,JUND,MMP13,3,0
HS,SMAD2,MMP13,3,0
HS,SMAD3,MMP13,3,0
HS,SMAD4,MMP13,3,0
HS,ATF2,MMP2,3,0
HS,FOSL1,MMP2,3,0
HS,SP1,MMP2,3,0
HS,STAT3,MMP2,3,0
HS,TFAP2A,MMP2,3,0
HS,TP53,MMP2,3,0
HS,CEBPB,NOS2,3,0
HS,CTNNB1,NOS2,3,0
HS,FOS,NOS2,3,0
HS,FOXO3,NOS2,2,0
HS,IRF3,NOS2,3,0
HS,RELA,NOS2,3,0
HS,STAT1,NOS2,3,0
HS,FOS,NQO1,3,0
HS,FOSL1,NQO1,3,0
HS,JUN,NQO1,3,0
HS,JUNB,NQO1,3,0
HS,JUND,NQO1,3,0
HS,RELA,NQO1,3,0
HS,CREB1,BRCA1,3,0
HS,RPA1,BRCA1,3,0
HS,RPA2,BRCA1,3,0
HS,RPA3,BRCA1,3,0
HS,SP1,BRCA1,3,0
HS,CREB1,HLADRA,2,0
HS,NCOA1,HLADRA,3,0
HS,FOS,ICAM1,3,0
HS,JUN,ICAM1,3,0
HS,JUND,ICAM1,3,0
HS,NFATC1,ICAM1,3,0
HS,NFATC2,ICAM1,3,0
HS,RELA,ICAM1,2,0
HS,RXRA,ICAM1,2,0
HS,STAT1,ICAM1,3,0
HS,STAT3,ICAM1,3,0
HS,JUND,IL2RA,4,0
HS,RELA,IL2RA,5,0
HS,SP1,IL2RA,5,0
HS,SRF,IL2RA,2,0
HS,STAT1,IL2RA,2,0
HS,STAT3,IL2RA,3,0
HS,STAT4,IL2RA,3,0
HS,STAT5A,IL2RA,1,0
HS,STAT5B,IL2RA,2,0
HS,STAT6,IL2RA,2,0
HS,EGR1,COL1A2,3,0
HS,ETS1,COL1A2,3,0
HS,IRF1,COL1A2,3,0
HS,IRF2,COL1A2,3,0
HS,JUNB,COL1A2,3,0
HS,RELA,COL1A2,1,0
HS,SMAD3,COL1A2,4,0
HS,SMAD4,COL1A2,5,0
HS,SP1,COL1A2,2,0
HS,ETS1,CSF1,1,0
HS,FOS,CSF1,3,0
HS,JUN,CSF1,2,0
HS,NFATC2,CSF1,1,0
HS,RELA,CSF1,3,0
HS,YY1,CSF1,2,0
HS,E2F1,E2F1,2,0
HS,E2F4,E2F1,2,0
HS,NR4A1,E2F1,2,0
HS,SP1,E2F1,2,0
HS,ATF1,FOSL1,3,0
HS,CREB1,FOSL1,3,0
HS,EGR1,FOSL1,3,0
HS,ETS1,FOSL1,3,0
HS,FOSL1,FOSL1,3,0
HS,JUNB,FOSL1,3,0
HS,JUND,FOSL1,3,0
HS,SP1,FOSL1,3,0
HS,SRF,FOSL1,3,0
HS,ATF2,HGF,3,0
HS,ATF4,HGF,3,0
HS,CEBPB,HGF,3,0
HS,CREB1,HGF,3,0
HS,FOS,HGF,3,0
HS,FOSL1,HGF,3,0
HS,JUND,HGF,3,0
HS,NR3C1,HGF,1,0
HS,RBPJ,HGF,2,0
HS,RELA,HGF,1,0
HS,ATF1,HMOX1,3,0
HS,CREB1,HMOX1,3,0
HS,HNF4A,HMOX1,3,0
HS,SP1,HMOX1,3,0
HS,STAT3,HMOX1,4,0
HS,CREB1,ID1,2,0
HS,CTBP1,ID1,2,0
HS,EGR1,ID1,5,0
HS,FOXO3,ID1,3,0
HS,SMAD1,ID1,2,0
HS,SMAD3,ID1,2,0
HS,SMAD4,ID1,2,0
HS,SMAD5,ID1,2,0
HS,SMAD6,ID1,2,0
HS,SP1,ID1,3,0
HS,YY1,ID1,5,0
HS,FOS,CYP3A4,3,0
HS,HNF1A,CYP3A4,3,0
HS,HNF4A,CYP3A4,1,0
HS,NF1,CYP3A4,3,0
HS,NR2F2,CYP3A4,2,0
HS,SP1,CYP3A4,2,0
HS,ATF2,IFNG,3,0
HS,CREB1,IFNG,3,0
HS,FOS,IFNG,4,0
HS,GATA3,IFNG,3,0
HS,NFATC1,IFNG,3,0
HS,RELA,IFNG,3,0
HS,SMAD3,IFNG,2,0
HS,SP1,IFNG,2,0
HS,STAT1,IFNG,3,0
HS,STAT3,IFNG,3,0
HS,STAT4,IFNG,3,0
HS,STAT5A,IFNG,3,0
HS,STAT5B,IFNG,3,0
HS,YY1,IFNG,2,0
HS,CREB1,BCL2,3,0
HS,E2F1,BCL2,3,0
HS,GLI1,BCL2,1,0
HS,GLI3,BCL2,1,0
HS,MITF,BCL2,3,0
HS,NFATC1,BCL2,3,0
HS,ATF2,PLAU,3,0
HS,FOS,PLAU,4,0
HS,FOSL1,PLAU,3,0
HS,JUNB,PLAU,3,0
HS,JUND,PLAU,3,0
HS,PRL,PLAU,2,0
HS,RBPJ,PLAU,3,0
HS,SP1,PLAU,3,0
HS,ARNT,VEGFA,4,0
HS,EGR1,VEGFA,2,0
HS,FOS,VEGFA,5,0
HS,JUND,VEGFA,3,0
HS,MYC,VEGFA,3,0
HS,SP1,VEGFA,2,0
HS,STAT3,VEGFA,3,0
HS,TFAP2A,VEGFA,3,0
HS,WT1,VEGFA,2,0
HS,APEX1,ABCB1,1,0
HS,CTBP1,ABCB1,2,0
HS,EGR1,ABCB1,2,0
HS,EGR2,ABCB1,2,0
HS,FOXO1,ABCB1,3,0
HS,HMGB2,ABCB1,2,0
HS,SP1,ABCB1,2,0
HS,WT1,ABCB1,2,0
HS,ETS1,CLGN,3,0
HS,FOS,CLGN,2,0
HS,FOSL1,CLGN,3,0
HS,JUN,CLGN,2,0
HS,JUNB,CLGN,3,0
HS,JUND,CLGN,3,0
HS,NFATC2,CLGN,4,0
HS,STAT3,CLGN,4,0
HS,ATF2,PTGS2,3,0
HS,CEBPB,PTGS2,5,0
HS,CREB1,PTGS2,3,0
HS,FOS,PTGS2,5,0
HS,JUN,PTGS2,2,0
HS,NFATC1,PTGS2,3,0
HS,NFATC2,PTGS2,3,0
HS,RELA,PTGS2,3,0
HS,STAT6,PTGS2,5,0
HS,TP53,PTGS2,2,0
HS,CTF1,TP53,1,0
HS,EGR1,TP53,1,0
HS,FOS,TP53,3,0
HS,GATA2,TP53,3,0
HS,NF1,TP53,2,0
HS,RELA,TP53,3,0
HS,SP1,TP53,3,0
HS,TP53,TP53,3,0
HS,YY1,TP53,1,0
HS,ATF1,CYP19A1,3,0
HS,ATF2,CYP19A1,3,0
HS,CREB1,CYP19A1,3,0
HS,FOS,CYP19A1,5,0
HS,GATA2,CYP19A1,3,0
HS,GATA3,CYP19A1,2,0
HS,STAT3,CYP19A1,3,0
HS,ARNT,EPO,2,0
HS,EGR1,EPO,2,0
HS,ETS1,EPO,5,0
HS,FOS,EPO,1,0
HS,GATA2,EPO,1,0
HS,GATA3,EPO,4,0
HS,JUND,EPO,3,0
HS,SMAD3,EPO,2,0
HS,SMAD4,EPO,2,0
HS,SP1,EPO,2,0
HS,STAT3,EPO,3,0
HS,WT1,EPO,2,0
HS,CEBPB,FOS,2,0
HS,CREB1,FOS,2,0
HS,ELK1,FOS,1,0
HS,ELK4,FOS,1,0
HS,FOS,FOS,2,0
HS,SP1,FOS,2,0
HS,SRF,FOS,1,0
HS,STAT1,FOS,2,0
HS,STAT3,FOS,3,0
HS,STAT5A,FOS,4,0
HS,E2F1,TERT,3,0
HS,EGR1,TERT,2,0
HS,JUND,TERT,3,0
HS,MAX,TERT,3,0
HS,MYC,TERT,2,0
HS,SMAD3,TERT,3,0
HS,SP1,TERT,2,0
HS,TP53,TERT,3,0
HS,WT1,TERT,2,0
HS,ATF2,TNF,1,0
HS,CREB1,TNF,3,0
HS,EGR1,TNF,1,0
HS,ELK1,TNF,1,0
HS,ETS1,TNF,1,0
HS,FANCD2,TNF,2,0
HS,FOS,TNF,3,0
HS,JUN,TNF,2,0
HS,NFAT5,TNF,1,0
HS,NFATC1,TNF,2,0
HS,NFATC2,TNF,1,0
HS,NFATC3,TNF,2,0
HS,RELA,TNF,3,0
HS,SP1,TNF,1,0
HS,FOS,HBB,1,0
HS,GATA2,HBB,3,0
HS,HMGB2,HBB,2,0
HS,KLF4,HBB,1,0
HS,SP1,HBB,3,0
HS,YY1,HBB,4,0
HS,EGR1,IL2,1,0
HS,FOS,IL2,1,0
HS,FOSL1,IL2,1,0
HS,JUN,IL2,2,0
HS,JUNB,IL2,1,0
HS,JUND,IL2,3,0
HS,NFATC1,IL2,1,0
HS,NFATC2,IL2,1,0
HS,NFATC3,IL2,2,0
HS,NFATC4,IL2,3,0
HS,RELA,IL2,3,0
HS,SP1,IL2,1,0
HS,ATF1,SERPINE1,3,0
HS,CREB1,SERPINE1,3,0
HS,ETS1,SERPINE1,3,0
HS,FOS,SERPINE1,3,0
HS,MAX,SERPINE1,2,0
HS,MITF,SERPINE1,2,0
HS,NF1,SERPINE1,3,0
HS,NR4A1,SERPINE1,3,0
HS,RELA,SERPINE1,3,0
HS,SMAD3,SERPINE1,2,0
HS,SMAD4,SERPINE1,2,0
HS,SMAD7,SERPINE1,2,0
HS,SP1,SERPINE1,3,0
HS,TP53,SERPINE1,2,0
HS,ATF1,CCND1,3,0
HS,ATF2,CCND1,3,0
HS,CREB1,CCND1,2,0
HS,E2F1,CCND1,3,0
HS,EGR1,CCND1,3,0
HS,EP300,CCND1,3,0
HS,ETS1,CCND1,3,0
HS,FOS,CCND1,3,0
HS,HDAC1,CCND1,3,0
HS,HDAC3,CCND1,3,0
HS,JUND,CCND1,3,0
HS,KLF4,CCND1,1,0
HS,KLF5,CCND1,2,0
HS,RELA,CCND1,3,0
HS,SP1,CCND1,1,0
HS,STAT1,CCND1,3,0
HS,STAT5A,CCND1,3,0
HS,STAT5B,CCND1,3,0
HS,TCF7L2,CCND1,5,0
HS,YY1,CCND1,3,0
HS,E2F1,MYC,2,0
HS,E2F4,MYC,3,0
HS,FOS,MYC,3,0
HS,KLF5,MYC,2,0
HS,LEF1,MYC,2,0
HS,MYC,MYC,4,0
HS,NFATC1,MYC,3,0
HS,SMAD1,MYC,2,0
HS,SMAD2,MYC,2,0
HS,SMAD3,MYC,2,0
HS,SMAD4,MYC,3,0
HS,SP1,MYC,2,0
HS,STAT1,MYC,5,0
HS,STAT3,MYC,5,0
HS,STAT4,MYC,1,0
HS,WT1,MYC,1,0
